"FID","TILE","NM_MACRORH","GEOMETRY","ORDEMFINAL"
"1","071090","AMAZÔNICA","POLYGON ((-73.715927 -5.262282, -73.715927 -4.899549, -73.184897 -4.899549, -73.184897 -5.262282, -73.715927 -5.262282))",42
"2","071091","AMAZÔNICA","POLYGON ((-73.786529 -6.244476, -73.786529 -5.882326, -73.253528 -5.882326, -73.253528 -6.244476, -73.786529 -6.244476))",43
"3","071092","AMAZÔNICA","POLYGON ((-73.857638 -7.224934, -73.857638 -6.863268, -73.322651 -6.863268, -73.322651 -7.224934, -73.857638 -7.224934))",44
"4","071093","AMAZÔNICA","POLYGON ((-73.929259 -8.203928, -73.929259 -7.842644, -73.392272 -7.842644, -73.392272 -8.203928, -73.929259 -8.203928))",45
"5","071094","AMAZÔNICA","POLYGON ((-74.001398 -9.181726, -74.001398 -8.820725, -73.462395 -8.820725, -73.462395 -9.181726, -74.001398 -9.181726))",46
"6","072089","AMAZÔNICA","POLYGON ((-72.126218 -4.377245, -72.126218 -4.016523, -71.598568 -4.016523, -71.598568 -4.377245, -72.126218 -4.377245))",47
"7","072090","AMAZÔNICA","POLYGON ((-72.190929 -5.361585, -72.190929 -5.001542, -71.661331 -5.001542, -71.661331 -5.361585, -72.190929 -5.361585))",48
"8","072091","AMAZÔNICA","POLYGON ((-72.256103 -6.343947, -72.256103 -5.984481, -71.724542 -5.984481, -71.724542 -6.343947, -72.256103 -6.343947))",49
"9","072092","AMAZÔNICA","POLYGON ((-72.321745 -7.324603, -72.321745 -6.965614, -71.788207 -6.965614, -71.788207 -7.324603, -72.321745 -7.324603))",50
"10","072093","AMAZÔNICA","POLYGON ((-72.387861 -8.303822, -72.387861 -7.945211, -71.85233 -7.945211, -71.85233 -8.303822, -72.387861 -8.303822))",51
"11","072094","AMAZÔNICA","POLYGON ((-72.454454 -9.281876, -72.454454 -8.923544, -71.916917 -8.923544, -71.916917 -9.281876, -72.454454 -9.281876))",52
"12","072095","AMAZÔNICA","POLYGON ((-72.521531 -10.259034, -72.521531 -9.900881, -71.981972 -9.900881, -71.981972 -10.259034, -72.521531 -10.259034))",53
"13","073083","AMAZÔNICA","POLYGON ((-70.258352 1.495213, -70.258352 1.859421, -69.743502 1.859421, -69.743502 1.495213, -70.258352 1.495213))",54
"14","073084","AMAZÔNICA","POLYGON ((-70.315206 0.49315, -70.315206 0.856062, -69.798499 0.856062, -69.798499 0.49315, -70.315206 0.49315))",55
"15","073085","AMAZÔNICA","POLYGON ((-70.372458 -0.50526, -70.372458 -0.143535, -69.853881 -0.143535, -69.853881 -0.50526, -70.372458 -0.50526))",56
"16","073086","AMAZÔNICA","POLYGON ((-70.430113 -1.500312, -70.430113 -1.139668, -69.909653 -1.139668, -69.909653 -1.500312, -70.430113 -1.500312))",57
"17","073087","AMAZÔNICA","POLYGON ((-70.488176 -2.492297, -70.488176 -2.132629, -69.965818 -2.132629, -69.965818 -2.492297, -70.488176 -2.492297))",58
"18","073088","AMAZÔNICA","POLYGON ((-70.546649 -3.481497, -70.546649 -3.122704, -70.02238 -3.122704, -70.02238 -3.481497, -70.546649 -3.481497))",59
"19","073089","AMAZÔNICA","POLYGON ((-70.605538 -4.468195, -70.605538 -4.110173, -70.079344 -4.110173, -70.079344 -4.468195, -70.605538 -4.468195))",60
"20","073090","AMAZÔNICA","POLYGON ((-70.664848 -5.452666, -70.664848 -5.095316, -70.136715 -5.095316, -70.136715 -5.452666, -70.664848 -5.452666))",61
"21","073091","AMAZÔNICA","POLYGON ((-70.724582 -6.435185, -70.724582 -6.078407, -70.194495 -6.078407, -70.194495 -6.435185, -70.724582 -6.435185))",62
"22","073092","AMAZÔNICA","POLYGON ((-70.784745 -7.416023, -70.784745 -7.059718, -70.252691 -7.059718, -70.252691 -7.416023, -70.784745 -7.416023))",63
"23","073093","AMAZÔNICA","POLYGON ((-70.845343 -8.395452, -70.845343 -8.039522, -70.311305 -8.039522, -70.311305 -8.395452, -70.845343 -8.395452))",64
"24","073094","AMAZÔNICA","POLYGON ((-70.906379 -9.373743, -70.906379 -9.018088, -70.370344 -9.018088, -70.370344 -9.373743, -70.906379 -9.373743))",65
"25","073095","AMAZÔNICA","POLYGON ((-70.967858 -10.351165, -70.967858 -9.995686, -70.429811 -9.995686, -70.429811 -10.351165, -70.967858 -10.351165))",66
"26","073096","AMAZÔNICA","POLYGON ((-71.029785 -11.32799, -71.029785 -10.972589, -70.489711 -10.972589, -70.489711 -11.32799, -71.029785 -11.32799))",67
"27","074083","AMAZÔNICA","POLYGON ((-68.768376 1.412699, -68.768376 1.774157, -68.25496 1.774157, -68.25496 1.412699, -68.768376 1.412699))",68
"28","074084","AMAZÔNICA","POLYGON ((-68.82004 0.410661, -68.82004 0.770833, -68.304776 0.770833, -68.304776 0.410661, -68.82004 0.410661))",69
"29","074085","AMAZÔNICA","POLYGON ((-68.872067 -0.58775, -68.872067 -0.228756, -68.354942 -0.228756, -68.354942 -0.58775, -68.872067 -0.58775))",70
"30","074086","AMAZÔNICA","POLYGON ((-68.92446 -1.582827, -68.92446 -1.224906, -68.405461 -1.224906, -68.405461 -1.582827, -68.92446 -1.582827))",71
"31","074087","AMAZÔNICA","POLYGON ((-68.977223 -2.57486, -68.977223 -2.217908, -68.456336 -2.217908, -68.456336 -2.57486, -68.977223 -2.57486))",72
"32","074088","AMAZÔNICA","POLYGON ((-69.030361 -3.564134, -69.030361 -3.208049, -68.507571 -3.208049, -68.507571 -3.564134, -69.030361 -3.564134))",73
"33","074089","AMAZÔNICA","POLYGON ((-69.083876 -4.550928, -69.083876 -4.19561, -68.55917 -4.19561, -68.55917 -4.550928, -69.083876 -4.550928))",74
"34","074090","AMAZÔNICA","POLYGON ((-69.137773 -5.53552, -69.137773 -5.180868, -68.611138 -5.180868, -68.611138 -5.53552, -69.137773 -5.53552))",75
"35","074091","AMAZÔNICA","POLYGON ((-69.192056 -6.518183, -69.192056 -6.1641, -68.663477 -6.1641, -68.663477 -6.518183, -69.192056 -6.518183))",76
"36","074092","AMAZÔNICA","POLYGON ((-69.24673 -7.49919, -69.24673 -7.145576, -68.716193 -7.145576, -68.716193 -7.49919, -69.24673 -7.49919))",77
"37","074093","AMAZÔNICA","POLYGON ((-69.301799 -8.478812, -69.301799 -8.12557, -68.769288 -8.12557, -68.769288 -8.478812, -69.301799 -8.478812))",78
"38","074094","AMAZÔNICA","POLYGON ((-69.357266 -9.45732, -69.357266 -9.104351, -68.822768 -9.104351, -68.822768 -9.45732, -69.357266 -9.45732))",13
"39","074095","AMAZÔNICA","POLYGON ((-69.413136 -10.434985, -69.413136 -10.082191, -68.876636 -10.082191, -68.876636 -10.434985, -69.413136 -10.434985))",79
"40","074096","AMAZÔNICA","POLYGON ((-69.469414 -11.412078, -69.469414 -11.05936, -68.930896 -11.05936, -68.930896 -11.412078, -69.469414 -11.412078))",80
"41","075082","AMAZÔNICA","POLYGON ((-67.231417 2.344319, -67.231417 2.704415, -66.721291 2.704415, -66.721291 2.344319, -67.231417 2.344319))",81
"42","075083","AMAZÔNICA","POLYGON ((-67.277561 1.338393, -67.277561 1.697103, -66.765609 1.697103, -66.765609 1.338393, -67.277561 1.338393))",82
"43","075084","AMAZÔNICA","POLYGON ((-67.324027 0.336375, -67.324027 0.693808, -66.810237 0.693808, -66.810237 0.336375, -67.324027 0.336375))",83
"44","075085","AMAZÔNICA","POLYGON ((-67.370819 -0.662038, -67.370819 -0.305775, -66.855177 -0.305775, -66.855177 -0.662038, -67.370819 -0.662038))",84
"45","075086","AMAZÔNICA","POLYGON ((-67.417941 -1.657139, -67.417941 -1.301942, -66.900434 -1.301942, -66.900434 -1.657139, -67.417941 -1.657139))",85
"46","075087","AMAZÔNICA","POLYGON ((-67.465396 -2.649218, -67.465396 -2.294983, -66.94601 -2.294983, -66.94601 -2.649218, -67.465396 -2.649218))",86
"47","075088","AMAZÔNICA","POLYGON ((-67.513187 -3.638559, -67.513187 -3.285186, -66.99191 -3.285186, -66.99191 -3.638559, -67.513187 -3.638559))",87
"48","075089","AMAZÔNICA","POLYGON ((-67.561319 -4.625442, -67.561319 -4.272831, -67.038135 -4.272831, -67.038135 -4.625442, -67.561319 -4.625442))",12
"49","075090","AMAZÔNICA","POLYGON ((-67.609795 -5.610144, -67.609795 -5.258196, -67.084691 -5.258196, -67.084691 -5.610144, -67.609795 -5.610144))",88
"50","075091","AMAZÔNICA","POLYGON ((-67.658618 -6.59294, -67.658618 -6.241556, -67.13158 -6.241556, -67.13158 -6.59294, -67.658618 -6.59294))",89
"51","075092","AMAZÔNICA","POLYGON ((-67.707792 -7.5741, -67.707792 -7.223184, -67.178806 -7.223184, -67.178806 -7.5741, -67.707792 -7.5741))",90
"52","075093","AMAZÔNICA","POLYGON ((-67.757321 -8.553898, -67.757321 -8.203351, -67.226372 -8.203351, -67.226372 -8.553898, -67.757321 -8.553898))",91
"53","075094","AMAZÔNICA","POLYGON ((-67.807209 -9.532604, -67.807209 -9.182329, -67.274283 -9.182329, -67.274283 -9.532604, -67.807209 -9.532604))",92
"54","075095","AMAZÔNICA","POLYGON ((-67.85746 -10.510488, -67.85746 -10.160389, -67.322542 -10.160389, -67.322542 -10.510488, -67.85746 -10.510488))",93
"55","075096","AMAZÔNICA","POLYGON ((-67.908078 -11.487824, -67.908078 -11.137801, -67.371153 -11.137801, -67.371153 -11.487824, -67.908078 -11.487824))",94
"56","076080","AMAZÔNICA","POLYGON ((-65.663919 4.302866, -65.663919 4.663299, -65.158872 4.663299, -65.158872 4.302866, -65.663919 4.302866))",95
"57","076083","AMAZÔNICA","POLYGON ((-65.785991 1.272294, -65.785991 1.628258, -65.275534 1.628258, -65.275534 1.272294, -65.785991 1.272294))",96
"58","076084","AMAZÔNICA","POLYGON ((-65.82725 0.270292, -65.82725 0.624987, -65.314965 0.624987, -65.314965 0.270292, -65.82725 0.270292))",97
"59","076085","AMAZÔNICA","POLYGON ((-65.8688 -0.728124, -65.8688 -0.374592, -65.354673 -0.374592, -65.354673 -0.728124, -65.8688 -0.728124))",98
"60","076086","AMAZÔNICA","POLYGON ((-65.910643 -1.723248, -65.910643 -1.370775, -65.39466 -1.370775, -65.39466 -1.723248, -65.910643 -1.723248))",99
"61","076087","AMAZÔNICA","POLYGON ((-65.952781 -2.715369, -65.952781 -2.363853, -65.43493 -2.363853, -65.43493 -2.715369, -65.952781 -2.715369))",100
"62","076088","AMAZÔNICA","POLYGON ((-65.995218 -3.704771, -65.995218 -3.354112, -65.475485 -3.354112, -65.475485 -3.704771, -65.995218 -3.704771))",101
"63","076089","AMAZÔNICA","POLYGON ((-66.037958 -4.691735, -66.037958 -4.341834, -65.516328 -4.341834, -65.516328 -4.691735, -66.037958 -4.691735))",102
"64","076090","AMAZÔNICA","POLYGON ((-66.081003 -5.676536, -66.081003 -5.327295, -65.557464 -5.327295, -65.557464 -5.676536, -66.081003 -5.676536))",103
"65","076091","AMAZÔNICA","POLYGON ((-66.124357 -6.65945, -66.124357 -6.310772, -65.598894 -6.310772, -65.598894 -6.65945, -66.124357 -6.65945))",104
"66","076092","AMAZÔNICA","POLYGON ((-66.168022 -7.640749, -66.168022 -7.292536, -65.640621 -7.292536, -65.640621 -7.640749, -66.168022 -7.640749))",11
"67","076093","AMAZÔNICA","POLYGON ((-66.212004 -8.620704, -66.212004 -8.272861, -65.682651 -8.272861, -65.682651 -8.620704, -66.212004 -8.620704))",105
"68","076094","AMAZÔNICA","POLYGON ((-66.256304 -9.599587, -66.256304 -9.252016, -65.724984 -9.252016, -65.724984 -9.599587, -66.256304 -9.599587))",106
"69","076095","AMAZÔNICA","POLYGON ((-66.300927 -10.577669, -66.300927 -10.230273, -65.767625 -10.230273, -65.767625 -10.577669, -66.300927 -10.577669))",107
"70","076096","AMAZÔNICA","POLYGON ((-66.345875 -11.555222, -66.345875 -11.207905, -65.810577 -11.207905, -65.810577 -11.555222, -66.345875 -11.555222))",108
"71","077080","AMAZÔNICA","POLYGON ((-64.187103 4.244827, -64.187103 4.602489, -63.683552 4.602489, -63.683552 4.244827, -64.187103 4.244827))",109
"72","077081","AMAZÔNICA","POLYGON ((-64.222405 3.230296, -64.222405 3.586365, -63.717074 3.586365, -63.717074 3.230296, -64.222405 3.230296))",110
"73","077082","AMAZÔNICA","POLYGON ((-64.257953 2.220259, -64.257953 2.574849, -63.750829 2.574849, -63.750829 2.220259, -64.257953 2.220259))",111
"74","077083","AMAZÔNICA","POLYGON ((-64.293749 1.2144, -64.293749 1.567621, -63.784819 1.567621, -63.784819 1.2144, -64.293749 1.2144))",112
"75","077084","AMAZÔNICA","POLYGON ((-64.329796 0.212411, -64.329796 0.56437, -63.819046 0.56437, -63.819046 0.212411, -64.329796 0.212411))",113
"76","077085","AMAZÔNICA","POLYGON ((-64.366096 -0.786008, -64.366096 -0.435206, -63.853514 -0.435206, -63.853514 -0.786008, -64.366096 -0.786008))",114
"77","077086","AMAZÔNICA","POLYGON ((-64.402652 -1.781153, -64.402652 -1.431405, -63.888225 -1.431405, -63.888225 -1.781153, -64.402652 -1.781153))",115
"78","077087","AMAZÔNICA","POLYGON ((-64.439466 -2.773312, -64.439466 -2.424517, -63.923181 -2.424517, -63.923181 -2.773312, -64.439466 -2.773312))",9
"79","077088","AMAZÔNICA","POLYGON ((-64.476542 -3.762769, -64.476542 -3.414827, -63.958385 -3.414827, -63.958385 -3.762769, -64.476542 -3.762769))",116
"80","077089","AMAZÔNICA","POLYGON ((-64.513882 -4.749803, -64.513882 -4.402617, -63.993839 -4.402617, -63.993839 -4.749803, -64.513882 -4.749803))",117
"81","077090","AMAZÔNICA","POLYGON ((-64.551489 -5.734693, -64.551489 -5.388164, -64.029547 -5.388164, -64.029547 -5.734693, -64.551489 -5.734693))",118
"82","077091","AMAZÔNICA","POLYGON ((-64.589365 -6.717712, -64.589365 -6.371745, -64.06551 -6.371745, -64.06551 -6.717712, -64.589365 -6.717712))",119
"83","077092","AMAZÔNICA","POLYGON ((-64.627515 -7.699133, -64.627515 -7.353631, -64.101733 -7.353631, -64.101733 -7.699133, -64.627515 -7.699133))",120
"84","077093","AMAZÔNICA","POLYGON ((-64.66594 -8.679227, -64.66594 -8.334094, -64.138216 -8.334094, -64.138216 -8.679227, -64.66594 -8.679227))",121
"85","077094","AMAZÔNICA","POLYGON ((-64.704644 -9.658266, -64.704644 -9.313407, -64.174965 -9.313407, -64.174965 -9.658266, -64.704644 -9.658266))",10
"86","077095","AMAZÔNICA","POLYGON ((-64.74363 -10.636522, -64.74363 -10.29184, -64.21198 -10.29184, -64.21198 -10.636522, -64.74363 -10.636522))",122
"87","077096","AMAZÔNICA","POLYGON ((-64.782901 -11.614267, -64.782901 -11.269665, -64.249266 -11.269665, -64.249266 -11.614267, -64.782901 -11.614267))",123
"88","077097","AMAZÔNICA","POLYGON ((-64.822459 -12.591776, -64.822459 -12.247158, -64.286825 -12.247158, -64.286825 -12.591776, -64.822459 -12.591776))",124
"89","078080","AMAZÔNICA","POLYGON ((-62.709718 4.195016, -62.709718 4.549912, -62.207693 4.549912, -62.207693 4.195016, -62.709718 4.195016))",125
"90","078081","AMAZÔNICA","POLYGON ((-62.739908 3.180541, -62.739908 3.533853, -62.236113 3.533853, -62.236113 3.180541, -62.739908 3.180541))",126
"91","078082","AMAZÔNICA","POLYGON ((-62.770309 2.170545, -62.770309 2.522386, -62.26473 2.522386, -62.26473 2.170545, -62.770309 2.170545))",127
"92","078083","AMAZÔNICA","POLYGON ((-62.800922 1.164712, -62.800922 1.515191, -62.293547 1.515191, -62.293547 1.164712, -62.800922 1.164712))",128
"93","078084","AMAZÔNICA","POLYGON ((-62.831749 0.162734, -62.831749 0.511957, -62.322565 0.511957, -62.322565 0.162734, -62.831749 0.162734))",129
"94","078085","AMAZÔNICA","POLYGON ((-62.862793 -0.83569, -62.862793 -0.487619, -62.351788 -0.487619, -62.351788 -0.83569, -62.862793 -0.83569))",130
"95","078086","AMAZÔNICA","POLYGON ((-62.894056 -1.830853, -62.894056 -1.483832, -62.381216 -1.483832, -62.381216 -1.830853, -62.894056 -1.830853))",131
"96","078087","AMAZÔNICA","POLYGON ((-62.92554 -2.823045, -62.92554 -2.476973, -62.410852 -2.476973, -62.410852 -2.823045, -62.92554 -2.823045))",132
"97","078088","AMAZÔNICA","POLYGON ((-62.957247 -3.812549, -62.957247 -3.467328, -62.440698 -3.467328, -62.440698 -3.812549, -62.957247 -3.812549))",133
"98","078089","AMAZÔNICA","POLYGON ((-62.989181 -4.799646, -62.989181 -4.455178, -62.470757 -4.455178, -62.470757 -4.799646, -62.989181 -4.799646))",8
"99","078090","AMAZÔNICA","POLYGON ((-63.021343 -5.784612, -63.021343 -5.440801, -62.501031 -5.440801, -62.501031 -5.784612, -63.021343 -5.784612))",134
"100","078091","AMAZÔNICA","POLYGON ((-63.053736 -6.767722, -63.053736 -6.424472, -62.531522 -6.424472, -62.531522 -6.767722, -63.053736 -6.767722))",135
"101","078092","AMAZÔNICA","POLYGON ((-63.086362 -7.749248, -63.086362 -7.406464, -62.562232 -7.406464, -62.562232 -7.749248, -63.086362 -7.749248))",136
"102","078093","AMAZÔNICA","POLYGON ((-63.119224 -8.729463, -63.119224 -8.387049, -62.593164 -8.387049, -62.593164 -8.729463, -63.119224 -8.729463))",137
"103","078094","AMAZÔNICA","POLYGON ((-63.152325 -9.708637, -63.152325 -9.366498, -62.62432 -9.366498, -62.62432 -9.708637, -63.152325 -9.708637))",138
"104","078095","AMAZÔNICA","POLYGON ((-63.185667 -10.687042, -63.185667 -10.345084, -62.655703 -10.345084, -62.655703 -10.687042, -63.185667 -10.687042))",139
"105","078096","AMAZÔNICA","POLYGON ((-63.219253 -11.664953, -63.219253 -11.323078, -62.687315 -11.323078, -62.687315 -11.664953, -63.219253 -11.664953))",140
"106","078097","AMAZÔNICA","POLYGON ((-63.253084 -12.642642, -63.253084 -12.300755, -62.719159 -12.300755, -62.719159 -12.642642, -63.253084 -12.642642))",141
"107","078098","AMAZÔNICA","POLYGON ((-63.287166 -13.620389, -63.287166 -13.278392, -62.751237 -13.278392, -62.751237 -13.620389, -63.287166 -13.620389))",142
"108","079079","AMAZÔNICA","POLYGON ((-61.206946 5.172651, -61.206946 5.526476, -60.708223 5.526476, -60.708223 5.172651, -61.206946 5.172651))",143
"109","079080","AMAZÔNICA","POLYGON ((-61.231847 4.153432, -61.231847 4.505566, -60.731376 4.505566, -60.731376 4.153432, -61.231847 4.153432))",144
"110","079081","AMAZÔNICA","POLYGON ((-61.25692 3.139003, -61.25692 3.489562, -60.754689 3.489562, -60.754689 3.139003, -61.25692 3.139003))",5
"111","079082","AMAZÔNICA","POLYGON ((-61.282168 2.129041, -61.282168 2.478135, -60.778165 2.478135, -60.778165 2.129041, -61.282168 2.129041))",145
"112","079083","AMAZÔNICA","POLYGON ((-61.307593 1.123229, -61.307593 1.470966, -60.801804 1.470966, -60.801804 1.123229, -61.307593 1.123229))",146
"113","079084","AMAZÔNICA","POLYGON ((-61.333195 0.121259, -61.333195 0.467746, -60.825608 0.467746, -60.825608 0.121259, -61.333195 0.121259))",6
"114","079085","AMAZÔNICA","POLYGON ((-61.358978 -0.877169, -61.358978 -0.531829, -60.849579 -0.531829, -60.849579 -0.877169, -61.358978 -0.877169))",147
"115","079086","AMAZÔNICA","POLYGON ((-61.384942 -1.872348, -61.384942 -1.528054, -60.87372 -1.528054, -60.87372 -1.872348, -61.384942 -1.872348))",148
"116","079087","AMAZÔNICA","POLYGON ((-61.41109 -2.864568, -61.41109 -2.521221, -60.898031 -2.521221, -60.898031 -2.864568, -61.41109 -2.864568))",149
"117","079088","AMAZÔNICA","POLYGON ((-61.437424 -3.854113, -61.437424 -3.511615, -60.922514 -3.511615, -60.922514 -3.854113, -61.437424 -3.854113))",150
"118","079089","AMAZÔNICA","POLYGON ((-61.463946 -4.841261, -61.463946 -4.499516, -60.947173 -4.499516, -60.947173 -4.841261, -61.463946 -4.841261))",151
"119","079090","AMAZÔNICA","POLYGON ((-61.490657 -5.826292, -61.490657 -5.485203, -60.972007 -5.485203, -60.972007 -5.826292, -61.490657 -5.826292))",152
"120","079091","AMAZÔNICA","POLYGON ((-61.51756 -6.809478, -61.51756 -6.468951, -60.997019 -6.468951, -60.997019 -6.809478, -61.51756 -6.809478))",153
"121","079092","AMAZÔNICA","POLYGON ((-61.544657 -7.791093, -61.544657 -7.451032, -61.022212 -7.451032, -61.022212 -7.791093, -61.544657 -7.791093))",154
"122","079093","AMAZÔNICA","POLYGON ((-61.571951 -8.771408, -61.571951 -8.43172, -61.047586 -8.43172, -61.047586 -8.771408, -61.571951 -8.771408))",155
"123","079094","AMAZÔNICA","POLYGON ((-61.599442 -9.750695, -61.599442 -9.411286, -61.073145 -9.411286, -61.073145 -9.750695, -61.599442 -9.750695))",156
"124","079095","AMAZÔNICA","POLYGON ((-61.627134 -10.729226, -61.627134 -10.390001, -61.09889 -10.390001, -61.09889 -10.729226, -61.627134 -10.729226))",157
"125","079096","AMAZÔNICA","POLYGON ((-61.655028 -11.707275, -61.655028 -11.368138, -61.124822 -11.368138, -61.124822 -11.707275, -61.655028 -11.707275))",158
"126","079097","AMAZÔNICA","POLYGON ((-61.683127 -12.685117, -61.683127 -12.345972, -61.150945 -12.345972, -61.150945 -12.685117, -61.683127 -12.685117))",159
"127","079098","AMAZÔNICA","POLYGON ((-61.711432 -13.663029, -61.711432 -13.323779, -61.17726 -13.323779, -61.17726 -13.663029, -61.711432 -13.663029))",160
"128","080079","AMAZÔNICA","POLYGON ((-59.733757 5.139244, -59.733757 5.490304, -59.236607 5.490304, -59.236607 5.139244, -59.733757 5.139244))",161
"129","080080","AMAZÔNICA","POLYGON ((-59.753572 4.120072, -59.753572 4.469449, -59.254685 4.469449, -59.254685 4.120072, -59.753572 4.120072))",162
"130","080081","AMAZÔNICA","POLYGON ((-59.773524 3.105681, -59.773524 3.453489, -59.272887 3.453489, -59.272887 3.105681, -59.773524 3.105681))",163
"131","080082","AMAZÔNICA","POLYGON ((-59.793615 2.095745, -59.793615 2.442095, -59.291216 2.442095, -59.291216 2.095745, -59.793615 2.095745))",164
"132","080083","AMAZÔNICA","POLYGON ((-59.813847 1.08995, -59.813847 1.434948, -59.309673 1.434948, -59.309673 1.08995, -59.813847 1.08995))",165
"133","080084","AMAZÔNICA","POLYGON ((-59.83422 0.087986, -59.83422 0.431739, -59.328259 0.431739, -59.328259 0.087986, -59.83422 0.087986))",166
"134","080085","AMAZÔNICA","POLYGON ((-59.854737 -0.910444, -59.854737 -0.567836, -59.346976 -0.567836, -59.346976 -0.910444, -59.854737 -0.910444))",167
"135","080086","AMAZÔNICA","POLYGON ((-59.875398 -1.905637, -59.875398 -1.564073, -59.365824 -1.564073, -59.365824 -1.905637, -59.875398 -1.905637))",7
"136","080087","AMAZÔNICA","POLYGON ((-59.896206 -2.89788, -59.896206 -2.557261, -59.384806 -2.557261, -59.384806 -2.89788, -59.896206 -2.89788))",168
"137","080088","AMAZÔNICA","POLYGON ((-59.917161 -3.887457, -59.917161 -3.547686, -59.403923 -3.547686, -59.403923 -3.887457, -59.917161 -3.887457))",169
"138","080089","AMAZÔNICA","POLYGON ((-59.938266 -4.874648, -59.938266 -4.535629, -59.423176 -4.535629, -59.423176 -4.874648, -59.938266 -4.874648))",170
"139","080090","AMAZÔNICA","POLYGON ((-59.959522 -5.85973, -59.959522 -5.521368, -59.442566 -5.521368, -59.442566 -5.85973, -59.959522 -5.85973))",171
"140","080091","AMAZÔNICA","POLYGON ((-59.980931 -6.842978, -59.980931 -6.505179, -59.462096 -6.505179, -59.462096 -6.842978, -59.980931 -6.842978))",172
"141","080092","AMAZÔNICA","POLYGON ((-60.002494 -7.824664, -60.002494 -7.487334, -59.481766 -7.487334, -59.481766 -7.824664, -60.002494 -7.824664))",173
"142","080093","AMAZÔNICA","POLYGON ((-60.024213 -8.80506, -60.024213 -8.468107, -59.501578 -8.468107, -59.501578 -8.80506, -60.024213 -8.80506))",174
"143","080094","AMAZÔNICA","POLYGON ((-60.04609 -9.784438, -60.04609 -9.447767, -59.521535 -9.447767, -59.521535 -9.784438, -60.04609 -9.784438))",175
"144","080095","AMAZÔNICA","POLYGON ((-60.068126 -10.763071, -60.068126 -10.426588, -59.541636 -10.426588, -59.541636 -10.763071, -60.068126 -10.763071))",176
"145","080096","AMAZÔNICA","POLYGON ((-60.090324 -11.741231, -60.090324 -11.404842, -59.561884 -11.404842, -59.561884 -11.741231, -60.090324 -11.741231))",177
"146","080097","AMAZÔNICA","POLYGON ((-60.112684 -12.719194, -60.112684 -12.382803, -59.582281 -12.382803, -59.582281 -12.719194, -60.112684 -12.719194))",178
"147","080098","AMAZÔNICA","POLYGON ((-60.13521 -13.697239, -60.13521 -13.36075, -59.602828 -13.36075, -59.602828 -13.697239, -60.13521 -13.697239))",179
"148","080099","AMAZÔNICA","POLYGON ((-60.157901 -14.675647, -60.157901 -14.338962, -59.623527 -14.338962, -59.623527 -14.675647, -60.157901 -14.675647))",180
"149","080100","AMAZÔNICA","POLYGON ((-60.180762 -15.654703, -60.180762 -15.317724, -59.644379 -15.317724, -59.644379 -15.654703, -60.180762 -15.654703))",181
"150","080101","AMAZÔNICA","POLYGON ((-60.203792 -16.6347, -60.203792 -16.297325, -59.665387 -16.297325, -59.665387 -16.6347, -60.203792 -16.6347))",182
"151","081082","AMAZÔNICA","POLYGON ((-58.304734 2.070658, -58.304734 2.414265, -57.803968 2.414265, -57.803968 2.070658, -58.304734 2.070658))",183
"152","081083","AMAZÔNICA","POLYGON ((-58.319769 1.064875, -58.319769 1.407135, -57.81724 1.407135, -57.81724 1.064875, -58.319769 1.064875))",184
"153","081084","AMAZÔNICA","POLYGON ((-58.33491 0.062916, -58.33491 0.403934, -57.830605 0.403934, -57.830605 0.062916, -58.33491 0.062916))",185
"154","081085","AMAZÔNICA","POLYGON ((-58.350157 -0.935517, -58.350157 -0.595641, -57.844063 -0.595641, -57.844063 -0.935517, -58.350157 -0.935517))",186
"155","081086","AMAZÔNICA","POLYGON ((-58.365512 -1.930719, -58.365512 -1.591886, -57.857617 -1.591886, -57.857617 -1.930719, -58.365512 -1.930719))",187
"156","081087","AMAZÔNICA","POLYGON ((-58.380975 -2.92298, -58.380975 -2.58509, -57.871266 -2.58509, -57.871266 -2.92298, -58.380975 -2.92298))",188
"157","081088","AMAZÔNICA","POLYGON ((-58.396549 -3.912581, -58.396549 -3.57554, -57.885012 -3.57554, -57.885012 -3.912581, -58.396549 -3.912581))",189
"158","081089","AMAZÔNICA","POLYGON ((-58.412233 -4.899804, -58.412233 -4.563516, -57.898856 -4.563516, -57.898856 -4.899804, -58.412233 -4.899804))",190
"159","081090","AMAZÔNICA","POLYGON ((-58.42803 -5.884925, -58.42803 -5.549296, -57.9128 -5.549296, -57.9128 -5.884925, -58.42803 -5.884925))",191
"160","081091","AMAZÔNICA","POLYGON ((-58.44394 -6.86822, -58.44394 -6.533156, -57.926843 -6.533156, -57.926843 -6.86822, -58.44394 -6.86822))",192
"161","081092","AMAZÔNICA","POLYGON ((-58.459966 -7.849959, -58.459966 -7.515368, -57.940987 -7.515368, -57.940987 -7.849959, -58.459966 -7.849959))",193
"162","081093","AMAZÔNICA","POLYGON ((-58.476107 -8.830417, -58.476107 -8.496205, -57.955234 -8.496205, -57.955234 -8.830417, -58.476107 -8.830417))",194
"163","081094","AMAZÔNICA","POLYGON ((-58.492365 -9.809864, -58.492365 -9.475939, -57.969584 -9.475939, -57.969584 -9.809864, -58.492365 -9.809864))",195
"164","081095","AMAZÔNICA","POLYGON ((-58.508742 -10.788573, -58.508742 -10.454841, -57.984039 -10.454841, -57.984039 -10.788573, -58.508742 -10.788573))",196
"165","081096","AMAZÔNICA","POLYGON ((-58.525239 -11.766817, -58.525239 -11.433186, -57.998599 -11.433186, -57.998599 -11.766817, -58.525239 -11.766817))",197
"166","081097","AMAZÔNICA","POLYGON ((-58.541857 -12.744873, -58.541857 -12.411247, -58.013266 -12.411247, -58.013266 -12.744873, -58.541857 -12.744873))",198
"167","081098","AMAZÔNICA","POLYGON ((-58.558597 -13.723017, -58.558597 -13.389301, -58.028041 -13.389301, -58.028041 -13.723017, -58.558597 -13.723017))",199
"168","081099","AMAZÔNICA","POLYGON ((-58.575461 -14.701533, -58.575461 -14.36763, -58.042926 -14.36763, -58.042926 -14.701533, -58.575461 -14.701533))",200
"169","081100","PARAGUAI","POLYGON ((-58.592451 -15.680706, -58.592451 -15.346518, -58.05792 -15.346518, -58.05792 -15.680706, -58.592451 -15.680706))",515
"170","081101","PARAGUAI","POLYGON ((-58.609567 -16.660828, -58.609567 -16.326255, -58.073026 -16.326255, -58.073026 -16.660828, -58.609567 -16.660828))",516
"171","081102","PARAGUAI","POLYGON ((-58.626811 -17.642196, -58.626811 -17.307135, -58.088246 -17.307135, -58.088246 -17.642196, -58.626811 -17.642196))",517
"172","081103","PARAGUAI","POLYGON ((-58.644184 -18.625116, -58.644184 -18.289462, -58.103579 -18.289462, -58.103579 -18.625116, -58.644184 -18.625116))",518
"173","081104","PARAGUAI","POLYGON ((-58.661689 -19.609899, -58.661689 -19.273544, -58.119028 -19.273544, -58.119028 -19.609899, -58.661689 -19.609899))",519
"174","081105","PARAGUAI","POLYGON ((-58.679326 -20.596868, -58.679326 -20.259701, -58.134593 -20.259701, -58.134593 -20.596868, -58.679326 -20.596868))",520
"175","081106","PARAGUAI","POLYGON ((-58.697097 -21.586356, -58.697097 -21.248261, -58.150277 -21.248261, -58.150277 -21.586356, -58.697097 -21.586356))",521
"176","081107","PARAGUAI","POLYGON ((-58.715003 -22.578705, -58.715003 -22.239563, -58.16608 -22.239563, -58.16608 -22.578705, -58.715003 -22.578705))",522
"177","082082","AMAZÔNICA","POLYGON ((-56.815608 2.053778, -56.815608 2.394646, -56.316505 2.394646, -56.316505 2.053778, -56.815608 2.053778))",201
"178","082083","AMAZÔNICA","POLYGON ((-56.825445 1.048004, -56.825445 1.387527, -56.32459 1.387527, -56.32459 1.048004, -56.825445 1.048004))",202
"179","082084","AMAZÔNICA","POLYGON ((-56.83535 0.046049, -56.83535 0.384332, -56.332731 0.384332, -56.332731 0.046049, -56.83535 0.046049))",203
"180","082085","AMAZÔNICA","POLYGON ((-56.845325 -0.952386, -56.845325 -0.615244, -56.340929 -0.615244, -56.340929 -0.952386, -56.845325 -0.952386))",204
"181","082086","AMAZÔNICA","POLYGON ((-56.855371 -1.947595, -56.855371 -1.611494, -56.349185 -1.611494, -56.349185 -1.947595, -56.855371 -1.947595))",205
"182","082087","AMAZÔNICA","POLYGON ((-56.865487 -2.939867, -56.865487 -2.60471, -56.357499 -2.60471, -56.357499 -2.939867, -56.865487 -2.939867))",206
"183","082088","AMAZÔNICA","POLYGON ((-56.875676 -3.929485, -56.875676 -3.595177, -56.365873 -3.595177, -56.365873 -3.929485, -56.875676 -3.929485))",207
"184","082089","AMAZÔNICA","POLYGON ((-56.885937 -4.91673, -56.885937 -4.583176, -56.374306 -4.583176, -56.374306 -4.91673, -56.885937 -4.91673))",208
"185","082090","AMAZÔNICA","POLYGON ((-56.896272 -5.901877, -56.896272 -5.568985, -56.382799 -5.568985, -56.382799 -5.901877, -56.896272 -5.901877))",NA
"186","082091","AMAZÔNICA","POLYGON ((-56.906681 -6.885202, -56.906681 -6.552879, -56.391354 -6.552879, -56.391354 -6.885202, -56.906681 -6.885202))",209
"187","082092","AMAZÔNICA","POLYGON ((-56.917166 -7.866978, -56.917166 -7.535131, -56.39997 -7.535131, -56.39997 -7.866978, -56.917166 -7.866978))",210
"188","082093","AMAZÔNICA","POLYGON ((-56.927726 -8.847477, -56.927726 -8.516014, -56.408648 -8.516014, -56.408648 -8.847477, -56.927726 -8.847477))",211
"189","082094","AMAZÔNICA","POLYGON ((-56.938363 -9.82697, -56.938363 -9.4958, -56.417389 -9.4958, -56.417389 -9.82697, -56.938363 -9.82697))",212
"190","082095","AMAZÔNICA","POLYGON ((-56.949077 -10.805731, -56.949077 -10.47476, -56.426195 -10.47476, -56.426195 -10.805731, -56.949077 -10.805731))",213
"191","082096","AMAZÔNICA","POLYGON ((-56.95987 -11.784031, -56.95987 -11.453168, -56.435064 -11.453168, -56.435064 -11.784031, -56.95987 -11.784031))",4
"192","082097","AMAZÔNICA","POLYGON ((-56.970742 -12.762148, -56.970742 -12.431299, -56.443999 -12.431299, -56.443999 -12.762148, -56.970742 -12.762148))",214
"193","082098","AMAZÔNICA","POLYGON ((-56.981694 -13.74036, -56.981694 -13.409429, -56.452999 -13.409429, -56.452999 -13.74036, -56.981694 -13.74036))",215
"194","082099","PARAGUAI","POLYGON ((-56.992728 -14.718949, -56.992728 -14.387841, -56.462066 -14.387841, -56.462066 -14.718949, -56.992728 -14.718949))",523
"195","082100","PARAGUAI","POLYGON ((-57.003843 -15.6982, -57.003843 -15.366818, -56.4712 -15.366818, -56.4712 -15.6982, -57.003843 -15.6982))",524
"196","082101","PARAGUAI","POLYGON ((-57.015041 -16.678407, -57.015041 -16.34665, -56.480402 -16.34665, -56.480402 -16.678407, -57.015041 -16.678407))",31
"197","082102","PARAGUAI","POLYGON ((-57.026323 -17.659865, -57.026323 -17.327633, -56.489673 -17.327633, -56.489673 -17.659865, -57.026323 -17.659865))",525
"198","082103","PARAGUAI","POLYGON ((-57.03769 -18.642881, -57.03769 -18.310069, -56.499014 -18.310069, -56.499014 -18.642881, -57.03769 -18.642881))",526
"199","082104","PARAGUAI","POLYGON ((-57.049142 -19.627768, -57.049142 -19.294269, -56.508424 -19.294269, -56.508424 -19.627768, -57.049142 -19.627768))",NA
"200","082105","PARAGUAI","POLYGON ((-57.060681 -20.614847, -57.060681 -20.280551, -56.517906 -20.280551, -56.517906 -20.614847, -57.060681 -20.614847))",527
"201","082106","PARAGUAI","POLYGON ((-57.072308 -21.604451, -57.072308 -21.269243, -56.52746 -21.269243, -56.52746 -21.604451, -57.072308 -21.604451))",528
"202","082107","PARAGUAI","POLYGON ((-57.084024 -22.596924, -57.084024 -22.260687, -56.537087 -22.260687, -56.537087 -22.596924, -57.084024 -22.596924))",529
"203","082113","URUGUAI","POLYGON ((-57.156236 -28.633153, -57.156236 -28.287962, -56.596424 -28.287962, -56.596424 -28.633153, -57.156236 -28.633153))",503
"204","082114","URUGUAI","POLYGON ((-57.168602 -29.656664, -57.168602 -29.309453, -56.606584 -29.309453, -56.606584 -29.656664, -57.168602 -29.656664))",504
"205","082115","URUGUAI","POLYGON ((-57.181065 -30.686418, -57.181065 -30.337015, -56.616824 -30.337015, -56.616824 -30.686418, -57.181065 -30.686418))",505
"206","083082","AMAZÔNICA","POLYGON ((-55.326323 2.045107, -55.326323 2.383235, -54.828911 2.383235, -54.828911 2.045107, -55.326323 2.045107))",216
"207","083083","AMAZÔNICA","POLYGON ((-55.330959 1.039336, -55.330959 1.376124, -54.831807 1.376124, -54.831807 1.039336, -55.330959 1.039336))",217
"208","083084","AMAZÔNICA","POLYGON ((-55.335627 0.037384, -55.335627 0.372932, -54.834723 0.372932, -54.834723 0.037384, -55.335627 0.037384))",218
"209","083085","AMAZÔNICA","POLYGON ((-55.340329 -0.961052, -55.340329 -0.626643, -54.837659 -0.626643, -54.837659 -0.961052, -55.340329 -0.961052))",219
"210","083086","AMAZÔNICA","POLYGON ((-55.345063 -1.956265, -55.345063 -1.622897, -54.840616 -1.622897, -54.840616 -1.956265, -55.345063 -1.956265))",NA
"211","083087","AMAZÔNICA","POLYGON ((-55.349831 -2.948542, -55.349831 -2.616119, -54.843594 -2.616119, -54.843594 -2.948542, -55.349831 -2.948542))",220
"212","083088","AMAZÔNICA","POLYGON ((-55.354633 -3.938168, -55.354633 -3.606596, -54.846593 -3.606596, -54.846593 -3.938168, -55.354633 -3.938168))",221
"213","083089","AMAZÔNICA","POLYGON ((-55.35947 -4.925423, -55.35947 -4.594608, -54.849614 -4.594608, -54.849614 -4.925423, -55.35947 -4.925423))",222
"214","083090","AMAZÔNICA","POLYGON ((-55.364341 -5.910584, -55.364341 -5.580434, -54.852656 -5.580434, -54.852656 -5.910584, -55.364341 -5.910584))",223
"215","083091","AMAZÔNICA","POLYGON ((-55.369247 -6.893925, -55.369247 -6.564347, -54.85572 -6.564347, -54.85572 -6.893925, -55.369247 -6.893925))",224
"216","083092","AMAZÔNICA","POLYGON ((-55.374188 -7.87572, -55.374188 -7.546623, -54.858806 -7.546623, -54.858806 -7.87572, -55.374188 -7.87572))",225
"217","083093","AMAZÔNICA","POLYGON ((-55.379165 -8.856239, -55.379165 -8.527533, -54.861915 -8.527533, -54.861915 -8.856239, -55.379165 -8.856239))",226
"218","083094","AMAZÔNICA","POLYGON ((-55.384179 -9.835756, -55.384179 -9.507348, -54.865046 -9.507348, -54.865046 -9.835756, -55.384179 -9.835756))",227
"219","083095","AMAZÔNICA","POLYGON ((-55.389229 -10.814542, -55.389229 -10.486342, -54.8682 -10.486342, -54.8682 -10.814542, -55.389229 -10.814542))",228
"220","083096","AMAZÔNICA","POLYGON ((-55.394316 -11.792872, -55.394316 -11.464787, -54.871377 -11.464787, -54.871377 -11.792872, -55.394316 -11.792872))",229
"221","083097","AMAZÔNICA","POLYGON ((-55.39944 -12.77102, -55.39944 -12.442958, -54.874577 -12.442958, -54.874577 -12.77102, -55.39944 -12.77102))",230
"222","083098","AMAZÔNICA","POLYGON ((-55.404602 -13.749266, -55.404602 -13.421132, -54.877801 -13.421132, -54.877801 -13.749266, -55.404602 -13.749266))",231
"223","083099","PARAGUAI","POLYGON ((-55.409803 -14.727892, -55.409803 -14.399592, -54.881049 -14.399592, -54.881049 -14.727892, -55.409803 -14.727892))",530
"224","083100","PARAGUAI","POLYGON ((-55.415042 -15.707184, -55.415042 -15.37862, -54.88432 -15.37862, -54.88432 -15.707184, -55.415042 -15.707184))",531
"225","083101","PARAGUAI","POLYGON ((-55.42032 -16.687433, -55.42032 -16.358508, -54.887617 -16.358508, -54.887617 -16.687433, -55.42032 -16.687433))",532
"226","083102","PARAGUAI","POLYGON ((-55.425637 -17.668938, -55.425637 -17.33955, -54.890938 -17.33955, -54.890938 -17.668938, -55.425637 -17.668938))",533
"227","083103","PARAGUAI","POLYGON ((-55.430995 -18.652003, -55.430995 -18.32205, -54.894284 -18.32205, -54.894284 -18.652003, -55.430995 -18.652003))",534
"228","083104","PARAGUAI","POLYGON ((-55.436393 -19.636942, -55.436393 -19.306318, -54.897655 -19.306318, -54.897655 -19.636942, -55.436393 -19.636942))",535
"229","083105","PARAGUAI","POLYGON ((-55.441832 -20.624077, -55.441832 -20.292672, -54.901051 -20.292672, -54.901051 -20.624077, -55.441832 -20.624077))",536
"230","083106","PARANÁ","POLYGON ((-55.447312 -21.613741, -55.447312 -21.281442, -54.904474 -21.281442, -54.904474 -21.613741, -55.447312 -21.613741))",442
"231","083107","PARANÁ","POLYGON ((-55.452834 -22.606278, -55.452834 -22.272968, -54.907922 -22.272968, -54.907922 -22.606278, -55.452834 -22.606278))",443
"232","083108","PARANÁ","POLYGON ((-55.458399 -23.602045, -55.458399 -23.267603, -54.911397 -23.267603, -54.911397 -23.602045, -55.458399 -23.602045))",444
"233","083109","PARANÁ","POLYGON ((-55.464006 -24.601415, -55.464006 -24.265714, -54.914899 -24.265714, -54.914899 -24.601415, -55.464006 -24.601415))",445
"234","083110","PARANÁ","POLYGON ((-55.469656 -25.604777, -55.469656 -25.267684, -54.918428 -25.267684, -54.918428 -25.604777, -55.469656 -25.604777))",446
"235","083112","URUGUAI","POLYGON ((-55.481089 -27.625119, -55.481089 -27.284821, -54.925567 -27.284821, -54.925567 -27.625119, -55.481089 -27.625119))",506
"236","083113","URUGUAI","POLYGON ((-55.486872 -28.642977, -55.486872 -28.300849, -54.929179 -28.300849, -54.929179 -28.642977, -55.486872 -28.642977))",507
"237","083114","URUGUAI","POLYGON ((-55.492701 -29.666582, -55.492701 -29.322464, -54.932819 -29.322464, -54.932819 -29.666582, -55.492701 -29.666582))",41
"238","083115","URUGUAI","POLYGON ((-55.498575 -30.696438, -55.498575 -30.350156, -54.936487 -30.350156, -54.936487 -30.696438, -55.498575 -30.696438))",508
"239","083116","URUGUAI","POLYGON ((-55.504496 -31.733078, -55.504496 -31.38445, -54.940185 -31.38445, -54.940185 -31.733078, -55.504496 -31.733078))",509
"240","084082","AMAZÔNICA","POLYGON ((-53.835622 2.043885, -53.835622 2.380793, -53.338589 2.380793, -53.338589 2.043885, -53.835622 2.043885))",232
"241","084083","AMAZÔNICA","POLYGON ((-53.835047 1.038116, -53.835047 1.373683, -53.336276 1.373683, -53.336276 1.038116, -53.835047 1.038116))",233
"242","084084","AMAZÔNICA","POLYGON ((-53.834468 0.036164, -53.834468 0.370492, -53.333947 0.370492, -53.333947 0.036164, -53.834468 0.036164))",234
"243","084085","AMAZÔNICA","POLYGON ((-53.833885 -0.962272, -53.833885 -0.629083, -53.331602 -0.629083, -53.331602 -0.962272, -53.833885 -0.962272))",235
"244","084086","AMAZÔNICA","POLYGON ((-53.833299 -1.957485, -53.833299 -1.625337, -53.329241 -1.625337, -53.329241 -1.957485, -53.833299 -1.957485))",236
"245","084087","AMAZÔNICA","POLYGON ((-53.832707 -2.949763, -53.832707 -2.618561, -53.326862 -2.618561, -53.326862 -2.949763, -53.832707 -2.949763))",237
"246","084088","AMAZÔNICA","POLYGON ((-53.832112 -3.93939, -53.832112 -3.60904, -53.324467 -3.60904, -53.324467 -3.93939, -53.832112 -3.93939))",238
"247","084089","AMAZÔNICA","POLYGON ((-53.831512 -4.926646, -53.831512 -4.597055, -53.322054 -4.597055, -53.322054 -4.926646, -53.831512 -4.926646))",239
"248","084090","AMAZÔNICA","POLYGON ((-53.830909 -5.911809, -53.830909 -5.582883, -53.319624 -5.582883, -53.319624 -5.911809, -53.830909 -5.911809))",240
"249","084091","AMAZÔNICA","POLYGON ((-53.8303 -6.895152, -53.8303 -6.566801, -53.317177 -6.566801, -53.317177 -6.895152, -53.8303 -6.895152))",241
"250","084092","AMAZÔNICA","POLYGON ((-53.829688 -7.876949, -53.829688 -7.549082, -53.314712 -7.549082, -53.314712 -7.876949, -53.829688 -7.876949))",242
"251","084093","AMAZÔNICA","POLYGON ((-53.829071 -8.857471, -53.829071 -8.529997, -53.312229 -8.529997, -53.312229 -8.857471, -53.829071 -8.857471))",243
"252","084094","AMAZÔNICA","POLYGON ((-53.828449 -9.836991, -53.828449 -9.509819, -53.309728 -9.509819, -53.309728 -9.836991, -53.828449 -9.836991))",244
"253","084095","AMAZÔNICA","POLYGON ((-53.827823 -10.815781, -53.827823 -10.488819, -53.307209 -10.488819, -53.307209 -10.815781, -53.827823 -10.815781))",3
"254","084096","AMAZÔNICA","POLYGON ((-53.827193 -11.794115, -53.827193 -11.467272, -53.304671 -11.467272, -53.304671 -11.794115, -53.827193 -11.794115))",245
"255","084097","AMAZÔNICA","POLYGON ((-53.826557 -12.772267, -53.826557 -12.445451, -53.302115 -12.445451, -53.302115 -12.772267, -53.826557 -12.772267))",246
"256","084098","AMAZÔNICA","POLYGON ((-53.825917 -13.750518, -53.825917 -13.423636, -53.29954 -13.423636, -53.29954 -13.750518, -53.825917 -13.750518))",247
"257","084099","AMAZÔNICA","POLYGON ((-53.825273 -14.729149, -53.825273 -14.402105, -53.296946 -14.402105, -53.296946 -14.729149, -53.825273 -14.729149))",248
"258","084100","TOCANTINS-ARAGUAIA","POLYGON ((-53.824623 -15.708446, -53.824623 -15.381144, -53.294332 -15.381144, -53.294332 -15.708446, -53.824623 -15.708446))",274
"259","084101","TOCANTINS-ARAGUAIA","POLYGON ((-53.823969 -16.688701, -53.823969 -16.361044, -53.291699 -16.361044, -53.291699 -16.688701, -53.823969 -16.688701))",275
"260","084102","PARAGUAI","POLYGON ((-53.823309 -17.670212, -53.823309 -17.342099, -53.289047 -17.342099, -53.289047 -17.670212, -53.823309 -17.670212))",32
"261","084103","PARAGUAI","POLYGON ((-53.822645 -18.653284, -53.822645 -18.324612, -53.286374 -18.324612, -53.286374 -18.653284, -53.822645 -18.653284))",537
"262","084104","PARANÁ","POLYGON ((-53.821976 -19.638231, -53.821976 -19.308894, -53.283681 -19.308894, -53.283681 -19.638231, -53.821976 -19.638231))",447
"263","084105","PARANÁ","POLYGON ((-53.821302 -20.625373, -53.821302 -20.295264, -53.280968 -20.295264, -53.280968 -20.625373, -53.821302 -20.625373))",448
"264","084106","PARANÁ","POLYGON ((-53.820622 -21.615045, -53.820622 -21.28405, -53.278234 -21.28405, -53.278234 -21.615045, -53.820622 -21.615045))",449
"265","084107","PARANÁ","POLYGON ((-53.819938 -22.60759, -53.819938 -22.275593, -53.275479 -22.275593, -53.275479 -22.60759, -53.819938 -22.60759))",450
"266","084108","PARANÁ","POLYGON ((-53.819248 -23.603367, -53.819248 -23.270247, -53.272703 -23.270247, -53.272703 -23.603367, -53.819248 -23.603367))",34
"267","084109","PARANÁ","POLYGON ((-53.818553 -24.602747, -53.818553 -24.268377, -53.269906 -24.268377, -53.269906 -24.602747, -53.818553 -24.602747))",451
"268","084110","PARANÁ","POLYGON ((-53.817852 -25.606119, -53.817852 -25.270368, -53.267087 -25.270368, -53.267087 -25.606119, -53.817852 -25.606119))",452
"269","084111","URUGUAI","POLYGON ((-53.817146 -26.613889, -53.817146 -26.276619, -53.264247 -26.276619, -53.264247 -26.613889, -53.817146 -26.613889))",510
"270","084112","URUGUAI","POLYGON ((-53.816435 -27.626484, -53.816435 -27.28755, -53.261384 -27.28755, -53.261384 -27.626484, -53.816435 -27.626484))",40
"271","084113","URUGUAI","POLYGON ((-53.815718 -28.644354, -53.815718 -28.303603, -53.258499 -28.303603, -53.258499 -28.644354, -53.815718 -28.644354))",511
"272","084114","ATLÂNTICO SUL","POLYGON ((-53.814995 -29.667972, -53.814995 -29.325244, -53.255591 -29.325244, -53.255591 -29.667972, -53.814995 -29.667972))",487
"273","084115","ATLÂNTICO SUL","POLYGON ((-53.814267 -30.697842, -53.814267 -30.352964, -53.252661 -30.352964, -53.252661 -30.697842, -53.814267 -30.697842))",488
"274","084116","ATLÂNTICO SUL","POLYGON ((-53.813533 -31.734497, -53.813533 -31.387288, -53.249707 -31.387288, -53.249707 -31.734497, -53.813533 -31.734497))",489
"275","084117","ATLÂNTICO SUL","POLYGON ((-53.812793 -32.778504, -53.812793 -32.42877, -53.246729 -32.42877, -53.246729 -32.778504, -53.812793 -32.778504))",490
"276","084118","ATLÂNTICO SUL","POLYGON ((-53.812047 -33.830473, -53.812047 -33.478005, -53.243729 -33.478005, -53.243729 -33.830473, -53.812047 -33.830473))",491
"277","085080","AMAZÔNICA","POLYGON ((-52.358645 4.073132, -52.358645 4.415781, -51.863751 4.415781, -51.863751 4.073132, -52.358645 4.073132))",249
"278","085081","AMAZÔNICA","POLYGON ((-52.352956 3.058793, -52.352956 3.399886, -51.856339 3.399886, -51.856339 3.058793, -52.352956 3.058793))",250
"279","085082","AMAZÔNICA","POLYGON ((-52.347226 2.048895, -52.347226 2.38854, -51.848875 2.38854, -51.848875 2.048895, -52.347226 2.048895))",251
"280","085083","AMAZÔNICA","POLYGON ((-52.341457 1.043123, -52.341457 1.381425, -51.841358 1.381425, -51.841358 1.043123, -52.341457 1.043123))",1
"281","085084","AMAZÔNICA","POLYGON ((-52.335647 0.041169, -52.335647 0.378232, -51.833789 0.378232, -51.833789 0.041169, -52.335647 0.041169))",252
"282","085085","AMAZÔNICA","POLYGON ((-52.329797 -0.957266, -52.329797 -0.621343, -51.826167 -0.621343, -51.826167 -0.957266, -52.329797 -0.957266))",253
"283","085086","AMAZÔNICA","POLYGON ((-52.323905 -1.952477, -52.323905 -1.617596, -51.818491 -1.617596, -51.818491 -1.952477, -52.323905 -1.952477))",254
"284","085087","AMAZÔNICA","POLYGON ((-52.317972 -2.944752, -52.317972 -2.610815, -51.810761 -2.610815, -51.810761 -2.944752, -52.317972 -2.944752))",255
"285","085088","AMAZÔNICA","POLYGON ((-52.311996 -3.934375, -52.311996 -3.601287, -51.802975 -3.601287, -51.802975 -3.934375, -52.311996 -3.934375))",256
"286","085089","AMAZÔNICA","POLYGON ((-52.305978 -4.921626, -52.305978 -4.589293, -51.795134 -4.589293, -51.795134 -4.921626, -52.305978 -4.921626))",257
"287","085090","AMAZÔNICA","POLYGON ((-52.299916 -5.906781, -52.299916 -5.575111, -51.787237 -5.575111, -51.787237 -5.906781, -52.299916 -5.906781))",258
"288","085091","AMAZÔNICA","POLYGON ((-52.293812 -6.890115, -52.293812 -6.559016, -51.779283 -6.559016, -51.779283 -6.890115, -52.293812 -6.890115))",2
"289","085092","AMAZÔNICA","POLYGON ((-52.287663 -7.871901, -52.287663 -7.541281, -51.771272 -7.541281, -51.771272 -7.871901, -52.287663 -7.871901))",259
"290","085093","AMAZÔNICA","POLYGON ((-52.281469 -8.852412, -52.281469 -8.522178, -51.763203 -8.522178, -51.763203 -8.852412, -52.281469 -8.852412))",260
"291","085094","AMAZÔNICA","POLYGON ((-52.275231 -9.831918, -52.275231 -9.501979, -51.755075 -9.501979, -51.755075 -9.831918, -52.275231 -9.831918))",261
"292","085095","AMAZÔNICA","POLYGON ((-52.268947 -10.810693, -52.268947 -10.480958, -51.746888 -10.480958, -51.746888 -10.810693, -52.268947 -10.810693))",262
"293","085096","AMAZÔNICA","POLYGON ((-52.262618 -11.78901, -52.262618 -11.459385, -51.738641 -11.459385, -51.738641 -11.78901, -52.262618 -11.78901))",263
"294","085097","AMAZÔNICA","POLYGON ((-52.256242 -12.767145, -52.256242 -12.437538, -51.730333 -12.437538, -51.730333 -12.767145, -52.256242 -12.767145))",264
"295","085098","AMAZÔNICA","POLYGON ((-52.249818 -13.745377, -52.249818 -13.415692, -51.721964 -13.415692, -51.721964 -13.745377, -52.249818 -13.745377))",265
"296","085099","TOCANTINS-ARAGUAIA","POLYGON ((-52.243348 -14.723986, -52.243348 -14.394129, -51.713533 -14.394129, -51.713533 -14.723986, -52.243348 -14.723986))",276
"297","085100","TOCANTINS-ARAGUAIA","POLYGON ((-52.236829 -15.70326, -52.236829 -15.373134, -51.705039 -15.373134, -51.705039 -15.70326, -52.236829 -15.70326))",277
"298","085101","TOCANTINS-ARAGUAIA","POLYGON ((-52.230262 -16.683491, -52.230262 -16.352996, -51.696482 -16.352996, -51.696482 -16.683491, -52.230262 -16.683491))",278
"299","085102","PARANÁ","POLYGON ((-52.223646 -17.664976, -52.223646 -17.334011, -51.687861 -17.334011, -51.687861 -17.664976, -52.223646 -17.664976))",453
"300","085103","PARANÁ","POLYGON ((-52.21698 -18.64802, -52.21698 -18.316481, -51.679176 -18.316481, -51.679176 -18.64802, -52.21698 -18.64802))",454
"301","085104","PARANÁ","POLYGON ((-52.210264 -19.632936, -52.210264 -19.300717, -51.670424 -19.300717, -51.670424 -19.632936, -52.210264 -19.632936))",455
"302","085105","PARANÁ","POLYGON ((-52.203497 -20.620046, -52.203497 -20.287038, -51.661607 -20.287038, -51.661607 -20.620046, -52.203497 -20.620046))",456
"303","085106","PARANÁ","POLYGON ((-52.196678 -21.609684, -52.196678 -21.275772, -51.652722 -21.275772, -51.652722 -21.609684, -52.196678 -21.609684))",457
"304","085107","PARANÁ","POLYGON ((-52.189808 -22.602193, -52.189808 -22.26726, -51.64377 -22.26726, -51.64377 -22.602193, -52.189808 -22.602193))",458
"305","085108","PARANÁ","POLYGON ((-52.182885 -23.597931, -52.182885 -23.261854, -51.634749 -23.261854, -51.634749 -23.597931, -52.182885 -23.597931))",459
"306","085109","PARANÁ","POLYGON ((-52.175909 -24.59727, -52.175909 -24.259923, -51.625659 -24.259923, -51.625659 -24.59727, -52.175909 -24.59727))",460
"307","085110","PARANÁ","POLYGON ((-52.168879 -25.600598, -52.168879 -25.261847, -51.616499 -25.261847, -51.616499 -25.600598, -52.168879 -25.600598))",461
"308","085111","PARANÁ","POLYGON ((-52.161795 -26.608323, -52.161795 -26.268028, -51.607268 -26.268028, -51.607268 -26.608323, -52.161795 -26.608323))",462
"309","085112","URUGUAI","POLYGON ((-52.154656 -27.620869, -52.154656 -27.278885, -51.597965 -27.278885, -51.597965 -27.620869, -52.154656 -27.620869))",512
"310","085113","ATLÂNTICO SUL","POLYGON ((-52.147461 -28.638687, -52.147461 -28.294859, -51.588589 -28.294859, -51.588589 -28.638687, -52.147461 -28.638687))",492
"311","085114","ATLÂNTICO SUL","POLYGON ((-52.14021 -29.662251, -52.14021 -29.316416, -51.57914 -29.316416, -51.57914 -29.662251, -52.14021 -29.662251))",493
"312","085115","ATLÂNTICO SUL","POLYGON ((-52.132902 -30.692063, -52.132902 -30.344048, -51.569616 -30.344048, -51.569616 -30.692063, -52.132902 -30.692063))",39
"313","085116","ATLÂNTICO SUL","POLYGON ((-52.125536 -31.728657, -52.125536 -31.378278, -51.560018 -31.378278, -51.560018 -31.728657, -52.125536 -31.728657))",494
"314","085117","ATLÂNTICO SUL","POLYGON ((-52.118112 -32.772599, -52.118112 -32.419661, -51.550343 -32.419661, -51.550343 -32.772599, -52.118112 -32.772599))",495
"315","085118","ATLÂNTICO SUL","POLYGON ((-52.110629 -33.824499, -52.110629 -33.468791, -51.540591 -33.468791, -51.540591 -33.824499, -52.110629 -33.824499))",496
"316","086080","AMAZÔNICA","POLYGON ((-50.881382 4.086375, -50.881382 4.431772, -50.384835 4.431772, -50.384835 4.086375, -50.881382 4.086375))",266
"317","086081","AMAZÔNICA","POLYGON ((-50.870576 3.072021, -50.870576 3.415857, -50.372295 3.415857, -50.372295 3.072021, -50.870576 3.072021))",267
"318","086082","AMAZÔNICA","POLYGON ((-50.859695 2.062112, -50.859695 2.404497, -50.359667 2.404497, -50.359667 2.062112, -50.859695 2.062112))",268
"319","086083","AMAZÔNICA","POLYGON ((-50.848737 1.056333, -50.848737 1.397372, -50.346951 1.397372, -50.346951 1.056333, -50.848737 1.056333))",269
"320","086084","AMAZÔNICA","POLYGON ((-50.837703 0.054377, -50.837703 0.394174, -50.334146 0.394174, -50.334146 0.054377, -50.837703 0.054377))",270
"321","086085","AMAZÔNICA","POLYGON ((-50.826591 -0.944057, -50.826591 -0.605401, -50.321251 -0.605401, -50.321251 -0.944057, -50.826591 -0.944057))",271
"322","086086","TOCANTINS-ARAGUAIA","POLYGON ((-50.815401 -1.939263, -50.815401 -1.601649, -50.308265 -1.601649, -50.308265 -1.939263, -50.815401 -1.939263))",279
"323","086087","TOCANTINS-ARAGUAIA","POLYGON ((-50.804132 -2.931529, -50.804132 -2.594859, -50.295187 -2.594859, -50.295187 -2.931529, -50.804132 -2.931529))",280
"324","086088","TOCANTINS-ARAGUAIA","POLYGON ((-50.792783 -3.921139, -50.792783 -3.585317, -50.282016 -3.585317, -50.282016 -3.921139, -50.792783 -3.921139))",281
"325","086089","TOCANTINS-ARAGUAIA","POLYGON ((-50.781353 -4.908373, -50.781353 -4.573304, -50.268751 -4.573304, -50.268751 -4.908373, -50.781353 -4.908373))",282
"326","086090","TOCANTINS-ARAGUAIA","POLYGON ((-50.769841 -5.893508, -50.769841 -5.559099, -50.255391 -5.559099, -50.255391 -5.893508, -50.769841 -5.893508))",283
"327","086091","TOCANTINS-ARAGUAIA","POLYGON ((-50.758246 -6.876818, -50.758246 -6.542976, -50.241935 -6.542976, -50.241935 -6.876818, -50.758246 -6.876818))",284
"328","086092","AMAZÔNICA","POLYGON ((-50.746568 -7.858576, -50.746568 -7.525208, -50.228381 -7.525208, -50.228381 -7.858576, -50.746568 -7.858576))",272
"329","086093","TOCANTINS-ARAGUAIA","POLYGON ((-50.734806 -8.839054, -50.734806 -8.506068, -50.21473 -8.506068, -50.21473 -8.839054, -50.734806 -8.839054))",285
"330","086094","TOCANTINS-ARAGUAIA","POLYGON ((-50.722958 -9.818525, -50.722958 -9.485827, -50.20098 -9.485827, -50.20098 -9.818525, -50.722958 -9.818525))",286
"331","086095","TOCANTINS-ARAGUAIA","POLYGON ((-50.711024 -10.79726, -50.711024 -10.464759, -50.187129 -10.464759, -50.187129 -10.79726, -50.711024 -10.79726))",287
"332","086096","TOCANTINS-ARAGUAIA","POLYGON ((-50.699003 -11.775532, -50.699003 -11.443135, -50.173177 -11.443135, -50.173177 -11.775532, -50.699003 -11.775532))",288
"333","086097","TOCANTINS-ARAGUAIA","POLYGON ((-50.686893 -12.753619, -50.686893 -12.42123, -50.159122 -12.42123, -50.159122 -12.753619, -50.686893 -12.753619))",289
"334","086098","TOCANTINS-ARAGUAIA","POLYGON ((-50.674694 -13.731798, -50.674694 -13.399323, -50.144964 -13.399323, -50.144964 -13.731798, -50.674694 -13.731798))",290
"335","086099","TOCANTINS-ARAGUAIA","POLYGON ((-50.662405 -14.71035, -50.662405 -14.377693, -50.130701 -14.377693, -50.130701 -14.71035, -50.662405 -14.71035))",18
"336","086100","TOCANTINS-ARAGUAIA","POLYGON ((-50.650025 -15.689563, -50.650025 -15.356625, -50.116333 -15.356625, -50.116333 -15.689563, -50.650025 -15.689563))",291
"337","086101","TOCANTINS-ARAGUAIA","POLYGON ((-50.637553 -16.669728, -50.637553 -16.33641, -50.101857 -16.33641, -50.101857 -16.669728, -50.637553 -16.669728))",292
"338","086102","PARANÁ","POLYGON ((-50.624988 -17.651142, -50.624988 -17.317341, -50.087272 -17.317341, -50.087272 -17.651142, -50.624988 -17.651142))",463
"339","086103","PARANÁ","POLYGON ((-50.612328 -18.63411, -50.612328 -18.299722, -50.072579 -18.299722, -50.072579 -18.63411, -50.612328 -18.63411))",33
"340","086104","PARANÁ","POLYGON ((-50.599573 -19.618946, -50.599573 -19.283863, -50.057774 -19.283863, -50.057774 -19.618946, -50.599573 -19.618946))",464
"341","086105","PARANÁ","POLYGON ((-50.586721 -20.605971, -50.586721 -20.270082, -50.042858 -20.270082, -50.042858 -20.605971, -50.586721 -20.605971))",465
"342","086106","PARANÁ","POLYGON ((-50.573772 -21.595517, -50.573772 -21.258708, -50.027828 -21.258708, -50.027828 -21.595517, -50.573772 -21.595517))",466
"343","086107","PARANÁ","POLYGON ((-50.560725 -22.587929, -50.560725 -22.250081, -50.012683 -22.250081, -50.012683 -22.587929, -50.560725 -22.587929))",467
"344","086108","PARANÁ","POLYGON ((-50.547578 -23.583564, -50.547578 -23.244554, -49.997423 -23.244554, -49.997423 -23.583564, -50.547578 -23.583564))",468
"345","086109","PARANÁ","POLYGON ((-50.534329 -24.582794, -50.534329 -24.242493, -49.982045 -24.242493, -49.982045 -24.582794, -50.534329 -24.582794))",469
"346","086110","PARANÁ","POLYGON ((-50.520979 -25.586007, -50.520979 -25.24428, -49.966549 -25.24428, -49.966549 -25.586007, -50.520979 -25.586007))",470
"347","086111","PARANÁ","POLYGON ((-50.507526 -26.593608, -50.507526 -26.250316, -49.950933 -26.250316, -49.950933 -26.593608, -50.507526 -26.593608))",471
"348","086112","URUGUAI","POLYGON ((-50.493968 -27.606025, -50.493968 -27.261019, -49.935195 -27.261019, -49.935195 -27.606025, -50.493968 -27.606025))",513
"349","086113","URUGUAI","POLYGON ((-50.480304 -28.623705, -50.480304 -28.27683, -49.919335 -28.27683, -49.919335 -28.623705, -50.480304 -28.623705))",514
"350","086114","ATLÂNTICO SUL","POLYGON ((-50.466533 -29.647123, -50.466533 -29.298214, -49.90335 -29.298214, -49.90335 -29.647123, -50.466533 -29.647123))",497
"351","086115","ATLÂNTICO SUL","POLYGON ((-50.452655 -30.676781, -50.452655 -30.325662, -49.88724 -30.325662, -49.88724 -30.676781, -50.452655 -30.676781))",498
"352","086116","ATLÂNTICO SUL","POLYGON ((-50.438667 -31.71321, -50.438667 -31.359698, -49.871002 -31.359698, -49.871002 -31.71321, -50.438667 -31.71321))",499
"353","087084","AMAZÔNICA","POLYGON ((-49.33994 0.075787, -49.33994 0.418319, -48.834714 0.418319, -48.834714 0.075787, -49.33994 0.075787))",273
"354","087085","TOCANTINS-ARAGUAIA","POLYGON ((-49.323569 -0.922645, -49.323569 -0.581256, -48.816548 -0.581256, -48.816548 -0.922645, -49.323569 -0.922645))",293
"355","087086","TOCANTINS-ARAGUAIA","POLYGON ((-49.307083 -1.917842, -49.307083 -1.577496, -48.798254 -1.577496, -48.798254 -1.917842, -49.307083 -1.917842))",14
"356","087087","TOCANTINS-ARAGUAIA","POLYGON ((-49.29048 -2.910094, -49.29048 -2.570692, -48.779831 -2.570692, -48.779831 -2.910094, -49.29048 -2.910094))",294
"357","087088","TOCANTINS-ARAGUAIA","POLYGON ((-49.273759 -3.899683, -49.273759 -3.561129, -48.761276 -3.561129, -48.761276 -3.899683, -49.273759 -3.899683))",295
"358","087089","TOCANTINS-ARAGUAIA","POLYGON ((-49.256919 -4.886889, -49.256919 -4.549088, -48.742589 -4.549088, -48.742589 -4.886889, -49.256919 -4.886889))",15
"359","087090","TOCANTINS-ARAGUAIA","POLYGON ((-49.239959 -5.87199, -49.239959 -5.534847, -48.723769 -5.534847, -48.723769 -5.87199, -49.239959 -5.87199))",296
"360","087091","TOCANTINS-ARAGUAIA","POLYGON ((-49.222877 -6.855261, -49.222877 -6.518681, -48.704813 -6.518681, -48.704813 -6.855261, -49.222877 -6.855261))",297
"361","087092","TOCANTINS-ARAGUAIA","POLYGON ((-49.205672 -7.836973, -49.205672 -7.500864, -48.68572 -7.500864, -48.68572 -7.836973, -49.205672 -7.836973))",298
"362","087093","TOCANTINS-ARAGUAIA","POLYGON ((-49.188342 -8.817399, -49.188342 -8.481668, -48.66649 -8.481668, -48.66649 -8.817399, -49.188342 -8.817399))",299
"363","087094","TOCANTINS-ARAGUAIA","POLYGON ((-49.170887 -9.796811, -49.170887 -9.461364, -48.647119 -9.461364, -48.647119 -9.796811, -49.170887 -9.796811))",300
"364","087095","TOCANTINS-ARAGUAIA","POLYGON ((-49.153305 -10.77548, -49.153305 -10.440224, -48.627608 -10.440224, -48.627608 -10.77548, -49.153305 -10.77548))",301
"365","087096","TOCANTINS-ARAGUAIA","POLYGON ((-49.135594 -11.753682, -49.135594 -11.418521, -48.607953 -11.418521, -48.607953 -11.753682, -49.135594 -11.753682))",302
"366","087097","TOCANTINS-ARAGUAIA","POLYGON ((-49.117753 -12.73169, -49.117753 -12.396531, -48.588155 -12.396531, -48.588155 -12.73169, -49.117753 -12.73169))",17
"367","087098","TOCANTINS-ARAGUAIA","POLYGON ((-49.099781 -13.709783, -49.099781 -13.37453, -48.56821 -13.37453, -48.56821 -13.709783, -49.099781 -13.709783))",303
"368","087099","TOCANTINS-ARAGUAIA","POLYGON ((-49.081676 -14.688243, -49.081676 -14.352798, -48.548118 -14.352798, -48.548118 -14.688243, -49.081676 -14.688243))",304
"369","087100","TOCANTINS-ARAGUAIA","POLYGON ((-49.063437 -15.667356, -49.063437 -15.331621, -48.527877 -15.331621, -48.527877 -15.667356, -49.063437 -15.667356))",305
"370","087101","PARANÁ","POLYGON ((-49.045062 -16.647414, -49.045062 -16.311287, -48.507484 -16.311287, -48.507484 -16.647414, -49.045062 -16.647414))",472
"371","087102","PARANÁ","POLYGON ((-49.02655 -17.628713, -49.02655 -17.292092, -48.48694 -17.292092, -48.48694 -17.628713, -49.02655 -17.628713))",473
"372","087103","PARANÁ","POLYGON ((-49.007899 -18.611559, -49.007899 -18.274338, -48.466241 -18.274338, -48.466241 -18.611559, -49.007899 -18.611559))",474
"373","087104","PARANÁ","POLYGON ((-48.989108 -19.596264, -48.989108 -19.258334, -48.445386 -19.258334, -48.445386 -19.596264, -48.989108 -19.596264))",475
"374","087105","PARANÁ","POLYGON ((-48.970174 -20.583149, -48.970174 -20.244399, -48.424373 -20.244399, -48.424373 -20.583149, -48.970174 -20.583149))",476
"375","087106","PARANÁ","POLYGON ((-48.951097 -21.572547, -48.951097 -21.232862, -48.403201 -21.232862, -48.403201 -21.572547, -48.951097 -21.572547))",477
"376","087107","PARANÁ","POLYGON ((-48.931875 -22.564802, -48.931875 -22.224061, -48.381868 -22.224061, -48.381868 -22.564802, -48.931875 -22.564802))",35
"377","087108","PARANÁ","POLYGON ((-48.912506 -23.56027, -48.912506 -23.218349, -48.360371 -23.218349, -48.360371 -23.56027, -48.912506 -23.56027))",478
"378","087109","ATLÂNTICO SUDESTE","POLYGON ((-48.892988 -24.559322, -48.892988 -24.216091, -48.338709 -24.216091, -48.338709 -24.559322, -48.892988 -24.559322))",425
"379","087110","ATLÂNTICO SUL","POLYGON ((-48.87332 -25.562347, -48.87332 -25.217671, -48.31688 -25.217671, -48.31688 -25.562347, -48.87332 -25.562347))",500
"380","087111","ATLÂNTICO SUL","POLYGON ((-48.8535 -26.569749, -48.8535 -26.223486, -48.294882 -26.223486, -48.294882 -26.569749, -48.8535 -26.569749))",38
"381","087112","ATLÂNTICO SUL","POLYGON ((-48.833527 -27.581955, -48.833527 -27.233955, -48.272713 -27.233955, -48.272713 -27.581955, -48.833527 -27.581955))",501
"382","087113","ATLÂNTICO SUL","POLYGON ((-48.813397 -28.599411, -48.813397 -28.249519, -48.250371 -28.249519, -48.250371 -28.599411, -48.813397 -28.599411))",502
"383","088085","ATLÂNTICO NORDESTE OCIDENTAL","POLYGON ((-47.820817 -0.893029, -47.820817 -0.548908, -47.312146 -0.548908, -47.312146 -0.893029, -47.820817 -0.893029))",317
"384","088086","TOCANTINS-ARAGUAIA","POLYGON ((-47.799037 -1.888215, -47.799037 -1.545139, -47.288547 -1.545139, -47.288547 -1.888215, -47.799037 -1.888215))",306
"385","088087","TOCANTINS-ARAGUAIA","POLYGON ((-47.777104 -2.880446, -47.777104 -2.538316, -47.264781 -2.538316, -47.264781 -2.880446, -47.777104 -2.880446))",307
"386","088088","ATLÂNTICO NORDESTE OCIDENTAL","POLYGON ((-47.755014 -3.870006, -47.755014 -3.528724, -47.240846 -3.528724, -47.240846 -3.870006, -47.755014 -3.870006))",318
"387","088089","ATLÂNTICO NORDESTE OCIDENTAL","POLYGON ((-47.732767 -4.857175, -47.732767 -4.516645, -47.216741 -4.516645, -47.216741 -4.857175, -47.732767 -4.857175))",319
"388","088090","TOCANTINS-ARAGUAIA","POLYGON ((-47.710361 -5.84223, -47.710361 -5.502357, -47.192463 -5.502357, -47.192463 -5.84223, -47.710361 -5.84223))",308
"389","088091","TOCANTINS-ARAGUAIA","POLYGON ((-47.687795 -6.825445, -47.687795 -6.486135, -47.168011 -6.486135, -47.168011 -6.825445, -47.687795 -6.825445))",309
"390","088092","TOCANTINS-ARAGUAIA","POLYGON ((-47.665066 -7.807094, -47.665066 -7.468251, -47.143382 -7.468251, -47.143382 -7.807094, -47.665066 -7.807094))",16
"391","088093","TOCANTINS-ARAGUAIA","POLYGON ((-47.642172 -8.787448, -47.642172 -8.448979, -47.118576 -8.448979, -47.118576 -8.787448, -47.642172 -8.787448))",310
"392","088094","TOCANTINS-ARAGUAIA","POLYGON ((-47.619113 -9.766778, -47.619113 -9.42859, -47.093589 -9.42859, -47.093589 -9.766778, -47.619113 -9.766778))",311
"393","088095","TOCANTINS-ARAGUAIA","POLYGON ((-47.595886 -10.745358, -47.595886 -10.407355, -47.06842 -10.407355, -47.06842 -10.745358, -47.595886 -10.745358))",312
"394","088096","TOCANTINS-ARAGUAIA","POLYGON ((-47.572489 -11.72346, -47.572489 -11.385547, -47.043067 -11.385547, -47.043067 -11.72346, -47.572489 -11.72346))",313
"395","088097","TOCANTINS-ARAGUAIA","POLYGON ((-47.54892 -12.701359, -47.54892 -12.363442, -47.017528 -12.363442, -47.017528 -12.701359, -47.54892 -12.701359))",314
"396","088098","TOCANTINS-ARAGUAIA","POLYGON ((-47.525178 -13.679334, -47.525178 -13.341315, -46.991801 -13.341315, -46.991801 -13.679334, -47.525178 -13.679334))",315
"397","088099","TOCANTINS-ARAGUAIA","POLYGON ((-47.501261 -14.657667, -47.501261 -14.319448, -46.965883 -14.319448, -46.965883 -14.657667, -47.501261 -14.657667))",316
"398","088100","SÃO FRANCISCO","POLYGON ((-47.477167 -15.636642, -47.477167 -15.298124, -46.939774 -15.298124, -46.939774 -15.636642, -47.477167 -15.636642))",370
"399","088101","SÃO FRANCISCO","POLYGON ((-47.452893 -16.616552, -47.452893 -16.277632, -46.913469 -16.277632, -46.913469 -16.616552, -47.452893 -16.616552))",371
"400","088102","PARANÁ","POLYGON ((-47.428437 -17.597693, -47.428437 -17.258268, -46.886968 -17.258268, -46.886968 -17.597693, -47.428437 -17.597693))",479
"401","088103","PARANÁ","POLYGON ((-47.403799 -18.580369, -47.403799 -18.240332, -46.860268 -18.240332, -46.860268 -18.580369, -47.403799 -18.580369))",480
"402","088104","PARANÁ","POLYGON ((-47.378975 -19.564892, -47.378975 -19.224135, -46.833367 -19.224135, -46.833367 -19.564892, -47.378975 -19.564892))",NA
"403","088105","PARANÁ","POLYGON ((-47.353963 -20.551585, -47.353963 -20.209994, -46.806263 -20.209994, -46.806263 -20.551585, -47.353963 -20.551585))",NA
"404","088106","PARANÁ","POLYGON ((-47.328762 -21.540778, -47.328762 -21.198237, -46.778952 -21.198237, -46.778952 -21.540778, -47.328762 -21.540778))",481
"405","088107","PARANÁ","POLYGON ((-47.303369 -22.532815, -47.303369 -22.189203, -46.751434 -22.189203, -46.751434 -22.532815, -47.303369 -22.532815))",482
"406","088108","PARANÁ","POLYGON ((-47.277783 -23.528052, -47.277783 -23.183244, -46.723705 -23.183244, -46.723705 -23.528052, -47.277783 -23.528052))",483
"407","088109","ATLÂNTICO SUDESTE","POLYGON ((-47.251999 -24.526859, -47.251999 -24.180724, -46.695763 -24.180724, -46.695763 -24.526859, -47.251999 -24.526859))",426
"408","088110","ATLÂNTICO SUDESTE","POLYGON ((-47.226018 -25.529624, -47.226018 -25.182025, -46.667606 -25.182025, -46.667606 -25.529624, -47.226018 -25.529624))",427
"409","089085","ATLÂNTICO NORDESTE OCIDENTAL","POLYGON ((-46.318422 -0.85521, -46.318422 -0.508358, -45.80813 -0.508358, -45.80813 -0.85521, -46.318422 -0.85521))",320
"410","089086","ATLÂNTICO NORDESTE OCIDENTAL","POLYGON ((-46.291352 -1.850381, -46.291352 -1.504577, -45.77923 -1.504577, -45.77923 -1.850381, -46.291352 -1.850381))",321
"411","089087","ATLÂNTICO NORDESTE OCIDENTAL","POLYGON ((-46.264091 -2.842586, -46.264091 -2.49773, -45.750127 -2.49773, -45.750127 -2.842586, -46.264091 -2.842586))",322
"412","089088","ATLÂNTICO NORDESTE OCIDENTAL","POLYGON ((-46.236637 -3.83211, -46.236637 -3.488103, -45.720816 -3.488103, -45.720816 -3.83211, -46.236637 -3.83211))",323
"413","089089","ATLÂNTICO NORDESTE OCIDENTAL","POLYGON ((-46.208988 -4.819231, -46.208988 -4.475977, -45.691296 -4.475977, -45.691296 -4.819231, -46.208988 -4.819231))",324
"414","089090","ATLÂNTICO NORDESTE OCIDENTAL","POLYGON ((-46.18114 -5.804227, -46.18114 -5.46163, -45.661566 -5.46163, -45.661566 -5.804227, -46.18114 -5.804227))",20
"415","089091","ATLÂNTICO NORDESTE OCIDENTAL","POLYGON ((-46.153093 -6.787373, -46.153093 -6.445337, -45.631621 -6.445337, -45.631621 -6.787373, -46.153093 -6.787373))",325
"416","089092","PARNAÍBA","POLYGON ((-46.124844 -7.768941, -46.124844 -7.427371, -45.601461 -7.427371, -45.601461 -7.768941, -46.124844 -7.768941))",333
"417","089093","PARNAÍBA","POLYGON ((-46.096391 -8.749202, -46.096391 -8.408004, -45.571083 -8.408004, -45.571083 -8.749202, -46.096391 -8.749202))",334
"418","089094","PARNAÍBA","POLYGON ((-46.067732 -9.72843, -46.067732 -9.387508, -45.540485 -9.387508, -45.540485 -9.72843, -46.067732 -9.72843))",335
"419","089095","SÃO FRANCISCO","POLYGON ((-46.038864 -10.706894, -46.038864 -10.366154, -45.509663 -10.366154, -45.509663 -10.706894, -46.038864 -10.706894))",372
"420","089096","SÃO FRANCISCO","POLYGON ((-46.009785 -11.68487, -46.009785 -11.344215, -45.478616 -11.344215, -45.478616 -11.68487, -46.009785 -11.68487))",373
"421","089097","SÃO FRANCISCO","POLYGON ((-45.980494 -12.662631, -45.980494 -12.321966, -45.447342 -12.321966, -45.447342 -12.662631, -45.980494 -12.662631))",374
"422","089098","SÃO FRANCISCO","POLYGON ((-45.950986 -13.640456, -45.950986 -13.299682, -45.415837 -13.299682, -45.415837 -13.640456, -45.950986 -13.640456))",375
"423","089099","SÃO FRANCISCO","POLYGON ((-45.921261 -14.618625, -45.921261 -14.277645, -45.384099 -14.277645, -45.384099 -14.618625, -45.921261 -14.618625))",376
"424","089100","SÃO FRANCISCO","POLYGON ((-45.891316 -15.597425, -45.891316 -15.256137, -45.352126 -15.256137, -45.352126 -15.597425, -45.891316 -15.597425))",377
"425","089101","SÃO FRANCISCO","POLYGON ((-45.861147 -16.577146, -45.861147 -16.235448, -45.319914 -16.235448, -45.319914 -16.577146, -45.861147 -16.577146))",26
"426","089102","SÃO FRANCISCO","POLYGON ((-45.830754 -17.558084, -45.830754 -17.215872, -45.287462 -17.215872, -45.287462 -17.558084, -45.830754 -17.558084))",378
"427","089103","SÃO FRANCISCO","POLYGON ((-45.800133 -18.540544, -45.800133 -18.19771, -45.254766 -18.19771, -45.254766 -18.540544, -45.800133 -18.540544))",379
"428","089104","SÃO FRANCISCO","POLYGON ((-45.769281 -19.524837, -45.769281 -19.181271, -45.221824 -19.181271, -45.221824 -19.524837, -45.769281 -19.524837))",380
"429","089105","SÃO FRANCISCO","POLYGON ((-45.738196 -20.511284, -45.738196 -20.166872, -45.188633 -20.166872, -45.188633 -20.511284, -45.738196 -20.511284))",381
"430","089106","PARANÁ","POLYGON ((-45.706876 -21.500216, -45.706876 -21.154841, -45.15519 -21.154841, -45.15519 -21.500216, -45.706876 -21.500216))",484
"431","089107","PARANÁ","POLYGON ((-45.675318 -22.491975, -45.675318 -22.145515, -45.121493 -22.145515, -45.121493 -22.491975, -45.675318 -22.491975))",485
"432","089108","ATLÂNTICO SUDESTE","POLYGON ((-45.643518 -23.486917, -45.643518 -23.139246, -45.087538 -23.139246, -45.087538 -23.486917, -45.643518 -23.486917))",428
"433","089109","ATLÂNTICO SUDESTE","POLYGON ((-45.611475 -24.485412, -45.611475 -24.136398, -45.053322 -24.136398, -45.053322 -24.485412, -45.611475 -24.485412))",429
"434","090086","ATLÂNTICO NORDESTE OCIDENTAL","POLYGON ((-44.784115 -1.804342, -44.784115 -1.455811, -44.270392 -1.455811, -44.270392 -1.804342, -44.784115 -1.804342))",326
"435","090087","ATLÂNTICO NORDESTE OCIDENTAL","POLYGON ((-44.751532 -2.796516, -44.751532 -2.448936, -44.235956 -2.448936, -44.235956 -2.796516, -44.751532 -2.796516))",327
"436","090088","ATLÂNTICO NORDESTE OCIDENTAL","POLYGON ((-44.718718 -3.785995, -44.718718 -3.439267, -44.201274 -3.439267, -44.201274 -3.785995, -44.718718 -3.785995))",19
"437","090089","ATLÂNTICO NORDESTE OCIDENTAL","POLYGON ((-44.68567 -4.773059, -44.68567 -4.427085, -44.166346 -4.427085, -44.166346 -4.773059, -44.68567 -4.773059))",328
"438","090090","ATLÂNTICO NORDESTE OCIDENTAL","POLYGON ((-44.652386 -5.757984, -44.652386 -5.412667, -44.131168 -5.412667, -44.131168 -5.757984, -44.652386 -5.757984))",329
"439","090091","ATLÂNTICO NORDESTE OCIDENTAL","POLYGON ((-44.618864 -6.741045, -44.618864 -6.39629, -44.095737 -6.39629, -44.095737 -6.741045, -44.618864 -6.741045))",330
"440","090092","PARNAÍBA","POLYGON ((-44.5851 -7.722515, -44.5851 -7.378225, -44.060051 -7.378225, -44.060051 -7.722515, -44.5851 -7.722515))",336
"441","090093","PARNAÍBA","POLYGON ((-44.551093 -8.702666, -44.551093 -8.358745, -44.024107 -8.358745, -44.024107 -8.702666, -44.551093 -8.702666))",22
"442","090094","PARNAÍBA","POLYGON ((-44.516839 -9.681768, -44.516839 -9.338121, -43.987902 -9.338121, -43.987902 -9.681768, -44.516839 -9.681768))",337
"443","090095","SÃO FRANCISCO","POLYGON ((-44.482336 -10.660093, -44.482336 -10.316625, -43.951434 -10.316625, -43.951434 -10.660093, -44.482336 -10.660093))",382
"444","090096","SÃO FRANCISCO","POLYGON ((-44.447581 -11.637915, -44.447581 -11.294529, -43.914699 -11.294529, -43.914699 -11.637915, -44.447581 -11.637915))",383
"445","090097","SÃO FRANCISCO","POLYGON ((-44.412571 -12.615508, -44.412571 -12.272107, -43.877695 -12.272107, -43.877695 -12.615508, -44.412571 -12.615508))",384
"446","090098","SÃO FRANCISCO","POLYGON ((-44.377304 -13.59315, -44.377304 -13.249636, -43.840418 -13.249636, -43.840418 -13.59315, -44.377304 -13.59315))",25
"447","090099","SÃO FRANCISCO","POLYGON ((-44.341777 -14.571122, -44.341777 -14.227394, -43.802866 -14.227394, -43.802866 -14.571122, -44.341777 -14.571122))",385
"448","090100","SÃO FRANCISCO","POLYGON ((-44.305986 -15.549709, -44.305986 -15.205667, -43.765035 -15.205667, -43.765035 -15.549709, -44.305986 -15.549709))",386
"449","090101","SÃO FRANCISCO","POLYGON ((-44.269929 -16.5292, -44.269929 -16.184741, -43.726923 -16.184741, -43.726923 -16.5292, -44.269929 -16.5292))",387
"450","090102","SÃO FRANCISCO","POLYGON ((-44.233603 -17.509894, -44.233603 -17.164911, -43.688526 -17.164911, -43.688526 -17.509894, -44.233603 -17.509894))",388
"451","090103","SÃO FRANCISCO","POLYGON ((-44.197005 -18.492091, -44.197005 -18.146477, -43.64984 -18.146477, -43.64984 -18.492091, -44.197005 -18.492091))",389
"452","090104","SÃO FRANCISCO","POLYGON ((-44.160132 -19.476104, -44.160132 -19.129748, -43.610864 -19.129748, -43.610864 -19.476104, -44.160132 -19.476104))",390
"453","090105","SÃO FRANCISCO","POLYGON ((-44.12298 -20.462253, -44.12298 -20.11504, -43.571593 -20.11504, -43.571593 -20.462253, -44.12298 -20.462253))",391
"454","090106","PARANÁ","POLYGON ((-44.085547 -21.450867, -44.085547 -21.10268, -43.532025 -21.10268, -43.532025 -21.450867, -44.085547 -21.450867))",486
"455","090107","ATLÂNTICO SUDESTE","POLYGON ((-44.04783 -22.442289, -44.04783 -22.093004, -43.492155 -22.093004, -43.492155 -22.442289, -44.04783 -22.442289))",430
"456","090108","ATLÂNTICO SUDESTE","POLYGON ((-44.009824 -23.436873, -44.009824 -23.086364, -43.45198 -23.086364, -43.45198 -23.436873, -44.009824 -23.436873))",431
"457","091087","ATLÂNTICO NORDESTE OCIDENTAL","POLYGON ((-43.239513 -2.742237, -43.239513 -2.391934, -42.722357 -2.391934, -42.722357 -2.742237, -43.239513 -2.742237))",331
"458","091088","ATLÂNTICO NORDESTE OCIDENTAL","POLYGON ((-43.201345 -3.731664, -43.201345 -3.382217, -42.682311 -3.382217, -42.682311 -3.731664, -43.201345 -3.731664))",332
"459","091089","PARNAÍBA","POLYGON ((-43.162905 -4.71866, -43.162905 -4.36997, -42.64198 -4.36997, -42.64198 -4.71866, -43.162905 -4.71866))",338
"460","091090","PARNAÍBA","POLYGON ((-43.124191 -5.703503, -43.124191 -5.355471, -42.60136 -5.355471, -42.60136 -5.703503, -43.124191 -5.703503))",339
"461","091091","PARNAÍBA","POLYGON ((-43.085199 -6.686465, -43.085199 -6.338996, -42.56045 -6.338996, -42.56045 -6.686465, -43.085199 -6.686465))",340
"462","091092","PARNAÍBA","POLYGON ((-43.045927 -7.66782, -43.045927 -7.320816, -42.519244 -7.320816, -42.519244 -7.66782, -43.045927 -7.66782))",341
"463","091093","PARNAÍBA","POLYGON ((-43.006371 -8.64784, -43.006371 -8.301205, -42.477741 -8.301205, -42.477741 -8.64784, -43.006371 -8.64784))",342
"464","091094","SÃO FRANCISCO","POLYGON ((-42.966529 -9.626795, -42.966529 -9.280433, -42.435937 -9.280433, -42.435937 -9.626795, -42.966529 -9.626795))",392
"465","091095","SÃO FRANCISCO","POLYGON ((-42.926397 -10.604957, -42.926397 -10.258771, -42.393828 -10.258771, -42.393828 -10.604957, -42.926397 -10.604957))",393
"466","091096","SÃO FRANCISCO","POLYGON ((-42.885972 -11.582599, -42.885972 -11.236493, -42.351412 -11.236493, -42.351412 -11.582599, -42.885972 -11.582599))",394
"467","091097","SÃO FRANCISCO","POLYGON ((-42.845251 -12.559996, -42.845251 -12.21387, -42.308685 -12.21387, -42.308685 -12.559996, -42.845251 -12.559996))",395
"468","091098","SÃO FRANCISCO","POLYGON ((-42.804231 -13.537424, -42.804231 -13.19118, -42.265643 -13.19118, -42.265643 -13.537424, -42.804231 -13.537424))",396
"469","091099","ATLÂNTICO LESTE","POLYGON ((-42.762908 -14.515163, -42.762908 -14.168702, -42.222284 -14.168702, -42.222284 -14.515163, -42.762908 -14.515163))",404
"470","091100","ATLÂNTICO LESTE","POLYGON ((-42.721279 -15.4935, -42.721279 -15.146718, -42.178603 -15.146718, -42.178603 -15.4935, -42.721279 -15.4935))",405
"471","091101","ATLÂNTICO LESTE","POLYGON ((-42.679341 -16.472723, -42.679341 -16.125517, -42.134597 -16.125517, -42.134597 -16.472723, -42.679341 -16.472723))",406
"472","091102","ATLÂNTICO LESTE","POLYGON ((-42.637089 -17.453127, -42.637089 -17.105391, -42.090263 -17.105391, -42.090263 -17.453127, -42.637089 -17.453127))",407
"473","091103","ATLÂNTICO SUDESTE","POLYGON ((-42.594522 -18.435017, -42.594522 -18.086641, -42.045596 -18.086641, -42.045596 -18.435017, -42.594522 -18.435017))",432
"474","091104","ATLÂNTICO SUDESTE","POLYGON ((-42.551634 -19.418701, -42.551634 -19.069574, -42.000593 -19.069574, -42.000593 -19.418701, -42.551634 -19.418701))",433
"475","091105","ATLÂNTICO SUDESTE","POLYGON ((-42.508423 -20.404499, -42.508423 -20.054506, -41.95525 -20.054506, -41.95525 -20.404499, -42.508423 -20.404499))",434
"476","091106","ATLÂNTICO SUDESTE","POLYGON ((-42.464885 -21.392741, -42.464885 -21.041763, -41.909564 -21.041763, -41.909564 -21.392741, -42.464885 -21.392741))",435
"477","091107","ATLÂNTICO SUDESTE","POLYGON ((-42.421016 -22.383767, -42.421016 -22.03168, -41.86353 -22.03168, -41.86353 -22.383767, -42.421016 -22.383767))",37
"478","091108","ATLÂNTICO SUDESTE","POLYGON ((-42.376812 -23.377931, -42.376812 -23.024607, -41.817144 -23.024607, -41.817144 -23.377931, -42.376812 -23.377931))",436
"479","092087","PARNAÍBA","POLYGON ((-41.728124 -2.679748, -41.728124 -2.326726, -41.209419 -2.326726, -41.209419 -2.679748, -41.728124 -2.679748))",343
"480","092088","PARNAÍBA","POLYGON ((-41.684608 -3.669117, -41.684608 -3.316954, -41.164015 -3.316954, -41.164015 -3.669117, -41.684608 -3.669117))",344
"481","092089","PARNAÍBA","POLYGON ((-41.640783 -4.656037, -41.640783 -4.304634, -41.118289 -4.304634, -41.118289 -4.656037, -41.640783 -4.656037))",345
"482","092090","PARNAÍBA","POLYGON ((-41.596645 -5.640785, -41.596645 -5.290044, -41.072235 -5.290044, -41.072235 -5.640785, -41.596645 -5.640785))",21
"483","092091","PARNAÍBA","POLYGON ((-41.552191 -6.623635, -41.552191 -6.273457, -41.025851 -6.273457, -41.025851 -6.623635, -41.552191 -6.623635))",346
"484","092092","PARNAÍBA","POLYGON ((-41.507417 -7.604859, -41.507417 -7.255148, -40.979134 -7.255148, -40.979134 -7.604859, -41.507417 -7.604859))",347
"485","092093","PARNAÍBA","POLYGON ((-41.46232 -8.584729, -41.46232 -8.235388, -40.932079 -8.235388, -40.932079 -8.584729, -41.46232 -8.584729))",348
"486","092094","SÃO FRANCISCO","POLYGON ((-41.416897 -9.563516, -41.416897 -9.214447, -40.884683 -9.214447, -40.884683 -9.563516, -41.416897 -9.563516))",24
"487","092095","SÃO FRANCISCO","POLYGON ((-41.371143 -10.541492, -41.371143 -10.192598, -40.836942 -10.192598, -40.836942 -10.541492, -41.371143 -10.541492))",397
"488","092096","SÃO FRANCISCO","POLYGON ((-41.325056 -11.518928, -41.325056 -11.170111, -40.788853 -11.170111, -40.788853 -11.518928, -41.325056 -11.518928))",398
"489","092097","ATLÂNTICO LESTE","POLYGON ((-41.278631 -12.496099, -41.278631 -12.14726, -40.740411 -12.14726, -40.740411 -12.496099, -41.278631 -12.496099))",28
"490","092098","ATLÂNTICO LESTE","POLYGON ((-41.231866 -13.473281, -41.231866 -13.124321, -40.691613 -13.124321, -40.691613 -13.473281, -41.231866 -13.473281))",408
"491","092099","ATLÂNTICO LESTE","POLYGON ((-41.184755 -14.450755, -41.184755 -14.101573, -40.642455 -14.101573, -40.642455 -14.450755, -41.184755 -14.450755))",409
"492","092100","ATLÂNTICO LESTE","POLYGON ((-41.137296 -15.428804, -41.137296 -15.079298, -40.592932 -15.079298, -40.592932 -15.428804, -41.137296 -15.428804))",29
"493","092101","ATLÂNTICO LESTE","POLYGON ((-41.089484 -16.407719, -41.089484 -16.057783, -40.543041 -16.057783, -40.543041 -16.407719, -41.089484 -16.407719))",410
"494","092102","ATLÂNTICO LESTE","POLYGON ((-41.041316 -17.387793, -41.041316 -17.037321, -40.492778 -17.037321, -40.492778 -17.387793, -41.041316 -17.387793))",30
"495","092103","ATLÂNTICO LESTE","POLYGON ((-40.992787 -18.369329, -40.992787 -18.01821, -40.442138 -18.01821, -40.442138 -18.369329, -40.992787 -18.369329))",411
"496","092104","ATLÂNTICO SUDESTE","POLYGON ((-40.943894 -19.352636, -40.943894 -19.000759, -40.391118 -19.000759, -40.391118 -19.352636, -40.943894 -19.352636))",437
"497","092105","ATLÂNTICO SUDESTE","POLYGON ((-40.894632 -20.338033, -40.894632 -19.985281, -40.339712 -19.985281, -40.339712 -20.338033, -40.894632 -20.338033))",36
"498","092106","ATLÂNTICO SUDESTE","POLYGON ((-40.844997 -21.325847, -40.844997 -20.972101, -40.287917 -20.972101, -40.287917 -21.325847, -40.844997 -21.325847))",438
"499","092107","ATLÂNTICO SUDESTE","POLYGON ((-40.794985 -22.316419, -40.794985 -21.961554, -40.235727 -21.961554, -40.235727 -22.316419, -40.794985 -22.316419))",439
"500","093087","ATLÂNTICO NORDESTE ORIENTAL","POLYGON ((-40.217451 -2.609052, -40.217451 -2.253312, -39.697229 -2.253312, -39.697229 -2.609052, -40.217451 -2.609052))",349
"501","093088","ATLÂNTICO NORDESTE ORIENTAL","POLYGON ((-40.168595 -3.598356, -40.168595 -3.243481, -39.646476 -3.243481, -39.646476 -3.598356, -40.168595 -3.598356))",350
"502","093089","ATLÂNTICO NORDESTE ORIENTAL","POLYGON ((-40.119392 -4.585191, -40.119392 -4.23108, -39.595362 -4.23108, -39.595362 -4.585191, -40.119392 -4.585191))",351
"503","093090","ATLÂNTICO NORDESTE ORIENTAL","POLYGON ((-40.069839 -5.569833, -40.069839 -5.216387, -39.543883 -5.216387, -39.543883 -5.569833, -40.069839 -5.569833))",352
"504","093091","ATLÂNTICO NORDESTE ORIENTAL","POLYGON ((-40.01993 -6.552557, -40.01993 -6.199677, -39.492034 -6.199677, -39.492034 -6.552557, -40.01993 -6.552557))",353
"505","093092","ATLÂNTICO NORDESTE ORIENTAL","POLYGON ((-39.969663 -7.533635, -39.969663 -7.181223, -39.439813 -7.181223, -39.439813 -7.533635, -39.969663 -7.533635))",354
"506","093093","SÃO FRANCISCO","POLYGON ((-39.919033 -8.513337, -39.919033 -8.161297, -39.387215 -8.161297, -39.387215 -8.513337, -39.919033 -8.513337))",399
"507","093094","SÃO FRANCISCO","POLYGON ((-39.868037 -9.491936, -39.868037 -9.140168, -39.334236 -9.140168, -39.334236 -9.491936, -39.868037 -9.491936))",400
"508","093095","ATLÂNTICO LESTE","POLYGON ((-39.81667 -10.469701, -39.81667 -10.118108, -39.280872 -10.118108, -39.280872 -10.469701, -39.81667 -10.469701))",412
"509","093096","ATLÂNTICO LESTE","POLYGON ((-39.764929 -11.446906, -39.764929 -11.095389, -39.227118 -11.095389, -39.227118 -11.446906, -39.764929 -11.446906))",413
"510","093097","ATLÂNTICO LESTE","POLYGON ((-39.71281 -12.423823, -39.71281 -12.072283, -39.172971 -12.072283, -39.172971 -12.423823, -39.71281 -12.423823))",414
"511","093098","ATLÂNTICO LESTE","POLYGON ((-39.660308 -13.400729, -39.660308 -13.049066, -39.118425 -13.049066, -39.118425 -13.400729, -39.660308 -13.400729))",415
"512","093099","ATLÂNTICO LESTE","POLYGON ((-39.607419 -14.377904, -39.607419 -14.026016, -39.063477 -14.026016, -39.063477 -14.377904, -39.607419 -14.377904))",416
"513","093100","ATLÂNTICO LESTE","POLYGON ((-39.554138 -15.355631, -39.554138 -15.003414, -39.008123 -15.003414, -39.008123 -15.355631, -39.554138 -15.355631))",417
"514","093101","ATLÂNTICO LESTE","POLYGON ((-39.500462 -16.334198, -39.500462 -15.981548, -38.952356 -15.981548, -38.952356 -16.334198, -39.500462 -16.334198))",418
"515","093102","ATLÂNTICO LESTE","POLYGON ((-39.446386 -17.3139, -39.446386 -16.960708, -38.896174 -16.960708, -38.896174 -17.3139, -39.446386 -17.3139))",419
"516","093103","ATLÂNTICO LESTE","POLYGON ((-39.391906 -18.295038, -39.391906 -17.941195, -38.839571 -17.941195, -38.839571 -18.295038, -39.391906 -18.295038))",420
"517","093104","ATLÂNTICO SUDESTE","POLYGON ((-39.337016 -19.27792, -39.337016 -18.923312, -38.782543 -18.923312, -38.782543 -19.27792, -39.337016 -19.27792))",440
"518","093105","ATLÂNTICO SUDESTE","POLYGON ((-39.281713 -20.262864, -39.281713 -19.907374, -38.725085 -19.907374, -38.725085 -20.262864, -39.281713 -20.262864))",441
"519","094088","ATLÂNTICO NORDESTE ORIENTAL","POLYGON ((-38.653395 -3.519383, -38.653395 -3.161798, -38.129782 -3.161798, -38.129782 -3.519383, -38.653395 -3.519383))",355
"520","094089","ATLÂNTICO NORDESTE ORIENTAL","POLYGON ((-38.598823 -4.506125, -38.598823 -4.149309, -38.073289 -4.149309, -38.073289 -4.506125, -38.598823 -4.506125))",356
"521","094090","ATLÂNTICO NORDESTE ORIENTAL","POLYGON ((-38.543862 -5.490651, -38.543862 -5.134504, -38.016393 -5.134504, -38.016393 -5.490651, -38.543862 -5.490651))",NA
"522","094091","ATLÂNTICO NORDESTE ORIENTAL","POLYGON ((-38.488508 -6.473235, -38.488508 -6.117659, -37.95909 -6.117659, -37.95909 -6.473235, -38.488508 -6.473235))",357
"523","094092","ATLÂNTICO NORDESTE ORIENTAL","POLYGON ((-38.432757 -7.454151, -38.432757 -7.099046, -37.901375 -7.099046, -37.901375 -7.454151, -38.432757 -7.454151))",358
"524","094093","SÃO FRANCISCO","POLYGON ((-38.376603 -8.433668, -38.376603 -8.078936, -37.843243 -8.078936, -37.843243 -8.433668, -38.376603 -8.433668))",401
"525","094094","SÃO FRANCISCO","POLYGON ((-38.320044 -9.412058, -38.320044 -9.057601, -37.784691 -9.057601, -37.784691 -9.412058, -38.320044 -9.412058))",402
"526","094095","ATLÂNTICO LESTE","POLYGON ((-38.263074 -10.389591, -38.263074 -10.035309, -37.725713 -10.035309, -37.725713 -10.389591, -38.263074 -10.389591))",421
"527","094096","ATLÂNTICO LESTE","POLYGON ((-38.205689 -11.366539, -38.205689 -11.012334, -37.666305 -11.012334, -37.666305 -11.366539, -38.205689 -11.366539))",27
"528","094097","ATLÂNTICO LESTE","POLYGON ((-38.147884 -12.343175, -38.147884 -11.988946, -37.606462 -11.988946, -37.606462 -12.343175, -38.147884 -12.343175))",422
"529","094098","ATLÂNTICO LESTE","POLYGON ((-38.089655 -13.319775, -38.089655 -12.965422, -37.546179 -12.965422, -37.546179 -13.319775, -38.089655 -13.319775))",423
"530","095089","ATLÂNTICO NORDESTE ORIENTAL","POLYGON ((-37.079165 -4.41884, -37.079165 -4.059323, -36.55216 -4.059323, -36.55216 -4.41884, -37.079165 -4.41884))",359
"531","095090","ATLÂNTICO NORDESTE ORIENTAL","POLYGON ((-37.018807 -5.40324, -37.018807 -5.044398, -36.489858 -5.044398, -36.489858 -5.40324, -37.018807 -5.40324))",360
"532","095091","ATLÂNTICO NORDESTE ORIENTAL","POLYGON ((-36.958017 -6.385674, -36.958017 -6.027406, -36.427109 -6.027406, -36.427109 -6.385674, -36.958017 -6.385674))",361
"533","095092","ATLÂNTICO NORDESTE ORIENTAL","POLYGON ((-36.896791 -7.366412, -36.896791 -7.008621, -36.36391 -7.008621, -36.36391 -7.366412, -36.896791 -7.366412))",23
"534","095093","ATLÂNTICO NORDESTE ORIENTAL","POLYGON ((-36.835124 -8.345728, -36.835124 -7.988312, -36.300256 -7.988312, -36.300256 -8.345728, -36.835124 -8.345728))",362
"535","095094","ATLÂNTICO NORDESTE ORIENTAL","POLYGON ((-36.773012 -9.323889, -36.773012 -8.966751, -36.236141 -8.966751, -36.236141 -9.323889, -36.773012 -9.323889))",363
"536","095095","SÃO FRANCISCO","POLYGON ((-36.710449 -10.301168, -36.710449 -9.944207, -36.17156 -9.944207, -36.17156 -10.301168, -36.710449 -10.301168))",403
"537","095096","ATLÂNTICO LESTE","POLYGON ((-36.64743 -11.277835, -36.64743 -10.920951, -36.106509 -10.920951, -36.106509 -11.277835, -36.64743 -11.277835))",424
"538","096090","ATLÂNTICO NORDESTE ORIENTAL","POLYGON ((-35.494761 -5.307605, -35.494761 -4.946072, -34.964366 -4.946072, -34.964366 -5.307605, -35.494761 -5.307605))",364
"539","096091","ATLÂNTICO NORDESTE ORIENTAL","POLYGON ((-35.428546 -6.289876, -35.428546 -5.928923, -34.896184 -5.928923, -34.896184 -6.289876, -35.428546 -6.289876))",365
"540","096092","ATLÂNTICO NORDESTE ORIENTAL","POLYGON ((-35.361857 -7.270424, -35.361857 -6.909951, -34.827512 -6.909951, -34.827512 -7.270424, -35.361857 -7.270424))",366
"541","096093","ATLÂNTICO NORDESTE ORIENTAL","POLYGON ((-35.294688 -8.24952, -35.294688 -7.889428, -34.758346 -7.889428, -34.758346 -8.24952, -35.294688 -8.24952))",367
"542","096094","ATLÂNTICO NORDESTE ORIENTAL","POLYGON ((-35.227034 -9.227435, -35.227034 -8.867623, -34.68868 -8.867623, -34.68868 -9.227435, -35.227034 -9.227435))",368
"543","096095","ATLÂNTICO NORDESTE ORIENTAL","POLYGON ((-35.158889 -10.204438, -35.158889 -9.844807, -34.618509 -9.844807, -34.618509 -10.204438, -35.158889 -10.204438))",369
